"y","x1","x2","x3","x4","x5","x6","x7","x8","x9","class"
-3.64,0.42,-0.67,1.78,-0.17,1.63,-0.39,0.53,-0.87,-0.81,1
-3.65,0.37,-0.6,1.71,-0.22,1.77,-0.35,0.54,-0.8,-0.81,1
-3.67,0.34,-0.64,1.79,-0.19,1.69,-0.36,0.57,-0.68,-0.84,1
-3.62,0.31,-0.71,1.76,-0.19,1.68,-0.27,0.56,-0.58,-0.84,1
-3.59,0.29,-0.78,1.71,-0.18,1.66,-0.14,0.49,-0.49,-0.93,1
-3.6,0.24,-0.84,1.79,-0.15,1.64,-0.1,0.49,-0.52,-1,1
-4.1,0.21,0.41,0.42,0.99,1.43,0.66,0.04,-0.78,-0.67,1
-4.28,0.16,0.73,0.66,0.94,1.27,0.71,0.07,-0.83,-0.66,1
-4.47,0.37,0.86,0.92,0.78,1.27,0.65,-0.22,-0.89,-0.63,1
-4.48,0.25,1.09,1.11,0.68,1.06,0.42,-0.26,-1.2,-0.52,1
-4.31,-0.11,1.04,1.19,0.69,0.76,0.16,-0.19,-1.34,-0.45,1
-4.16,-0.34,0.9,1.09,0.56,0.96,0.4,-0.33,-1.52,-0.5,1
-1.2,-0.25,-2.49,0.81,-0.37,2.17,0.32,1.03,-1.39,-0.71,1
-1.3,-0.3,-2.43,0.96,-0.28,2.25,0.29,0.92,-1.57,-0.56,1
-1.39,-0.31,-2.29,1.1,-0.25,2.33,0.36,0.8,-1.52,-0.76,1
-1.42,-0.32,-2.25,1.07,-0.22,2.27,0.43,0.92,-1.49,-0.7,1
-1.38,-0.32,-2.27,0.94,-0.29,2.29,0.46,1.1,-1.44,-0.7,1
-1.22,-0.29,-2.42,0.83,-0.38,2.27,0.5,1.34,-1.36,-0.68,1
-1.55,-0.4,-1.66,0.24,-0.1,1.56,0.55,1.25,0.13,-0.46,1
-1.51,-0.46,-1.73,0.26,-0.08,1.57,0.56,1.29,0.12,-0.46,1
-1.66,-0.5,-1.72,0.36,0,1.64,0.54,1.32,-0.01,-0.49,1
-1.82,-0.58,-1.62,0.52,0.05,1.71,0.54,1.32,-0.12,-0.51,1
-1.95,-0.6,-1.54,0.62,0.06,1.74,0.59,1.29,-0.16,-0.52,1
-2.06,-0.61,-1.5,0.7,0.07,1.8,0.63,1.3,-0.19,-0.54,1
-3.03,-1.27,0.26,1.52,0.66,1.62,-0.36,-0.47,-0.74,0.52,1
-3.16,-1.14,0.3,1.44,0.69,1.65,-0.45,-0.52,-0.52,0.64,1
-3.39,-0.96,0.48,1.55,0.66,1.5,-0.65,-0.6,-0.3,0.62,1
-3.49,-0.86,0.58,1.5,0.58,1.48,-0.66,-0.6,-0.32,0.58,1
-3.69,-0.6,0.69,1.31,0.61,1.51,-0.75,-0.7,-0.36,0.7,1
-3.69,-0.57,0.73,1.24,0.61,1.5,-0.8,-0.76,-0.35,0.79,1
-3.32,-0.3,-0.5,0.96,0.92,0.98,1.06,-1.08,-1,0.11,1
-3.27,-0.08,-0.69,0.76,1.04,1.19,0.89,-1.29,-1.03,0.2,1
-3.35,-0.16,-0.41,0.92,0.97,0.98,0.93,-1.21,-1.27,0.28,1
-3.59,-0.14,-0.03,1.02,1.07,0.72,0.7,-0.98,-1.43,0.25,1
-3.78,-0.01,0.1,1.12,1.04,0.65,0.62,-1.08,-1.27,0.05,1
-3.86,0.12,0.05,1.17,0.98,0.7,0.59,-1.19,-1.17,-0.08,1
-3.21,-0.61,-0.52,1.1,1.53,1.07,0.19,-0.95,-0.25,-0.06,1
-3.43,-0.5,-0.36,1.17,1.59,0.96,0.16,-0.85,-0.36,0.08,1
-3.59,-0.38,-0.36,1.31,1.59,0.99,0.18,-0.83,-0.47,0.2,1
-3.76,-0.32,-0.24,1.27,1.75,1.13,0.23,-0.72,-0.5,0.32,1
-4.25,-0.03,0.25,1.37,1.83,1.17,0.09,-0.52,-0.32,0.35,1
-4.69,0.41,0.89,1.46,1.62,1.02,-0.12,-0.4,-0.31,0.29,1
-5.06,2.24,1.38,1.89,-0.26,-0.48,-0.56,0.12,-0.06,0.66,1
-5.12,2.32,1.41,1.8,-0.28,-0.33,-0.75,0.22,0.06,0.46,1
-5.13,2.19,1.36,1.94,-0.59,-0.35,-0.68,0.15,0.18,0.38,1
-5.13,2.08,1.28,2,-0.73,-0.51,-0.56,0.06,0.3,0.27,1
-5.14,2.05,1.22,1.9,-0.56,-0.47,-0.84,0.01,0.46,0.19,1
-5.11,1.97,1.14,1.72,-0.44,-0.43,-0.97,-0.17,0.55,0.18,1
-1.15,-0.9,-1.99,0.74,-0.06,1.21,0.86,1.2,-0.3,-0.47,1
-1.09,-0.92,-2.09,0.84,0.01,1.25,0.89,1.45,-0.09,-0.4,1
-1.78,-1.07,-1.66,1.32,0.29,1.3,0.92,1.31,-0.35,-0.52,1
-2.7,-1.03,-0.94,1.8,0.39,1.33,0.87,0.78,-0.84,-0.66,1
-3.37,-0.83,-0.41,1.64,0.6,1.23,0.52,0.29,-0.86,-0.67,1
-3.31,-0.78,-0.5,1.39,0.86,1.26,0.22,0.31,-0.72,-0.77,1
-3.14,0.08,-1.16,1.59,0.2,1.9,0.17,0.68,-1.03,-0.64,1
-3.02,0.06,-1.27,1.5,0.17,2,0.18,0.85,-1.16,-0.55,1
-2.97,0.04,-1.27,1.52,0.2,1.98,0.13,0.83,-1.16,-0.55,1
-3,0.04,-1.24,1.53,0.19,2.03,0.1,0.76,-1.18,-0.63,1
-3.06,0.09,-1.22,1.56,0.19,2.06,0.05,0.64,-1.12,-0.76,1
-3.12,0.15,-1.23,1.64,0.22,2.03,0.04,0.57,-1.15,-0.77,1
-4.07,0.4,-0.38,1.68,0.12,1.62,0.5,-0.32,-0.23,-0.87,1
-4.05,0.35,-0.31,1.73,0.13,1.67,0.51,-0.38,-0.36,-0.86,1
-3.89,0.12,-0.41,1.97,0.04,1.89,0.41,-0.1,-0.44,-1.02,1
-3.68,-0.19,-0.56,2.38,0.1,1.85,0.3,0.3,-0.36,-1.21,1
-3.64,-0.22,-0.58,2.31,0.05,1.95,0.28,0.27,-0.54,-1.23,1
-3.34,-0.35,-0.79,2.13,-0.06,2.08,0.3,0.25,-0.69,-1.24,1
-2.46,-0.2,-1.26,1.15,0.23,1.83,0.07,0.74,-1.38,-0.5,1
-2.38,-0.27,-1.37,1.09,0.24,1.84,0.11,0.7,-1.26,-0.62,1
-2.38,-0.29,-1.4,1.05,0.21,1.9,0.15,0.65,-1.29,-0.61,1
-2.45,-0.32,-1.37,1.04,0.17,1.99,0.16,0.59,-1.32,-0.59,1
-2.46,-0.33,-1.4,0.93,0.12,2.05,0.27,0.53,-1.11,-0.77,1
-2.39,-0.35,-1.47,0.84,0.09,2.02,0.42,0.5,-0.86,-0.98,1
-3.42,-0.54,0.24,2.04,0.62,1.03,-0.7,-0.66,-0.42,0.78,1
-3.71,-0.2,0.27,1.57,0.88,1.37,-0.94,-0.69,-0.16,0.6,1
-3.7,-0.25,0.27,1.59,0.85,1.38,-0.87,-0.71,-0.19,0.57,1
-3.49,-0.47,0.19,1.75,0.73,1.31,-0.82,-0.79,-0.22,0.41,1
-2.85,-0.81,-0.31,1.57,0.69,1.47,-0.66,-0.92,-0.28,0.49,1
-2.53,-0.93,-0.57,1.61,0.63,1.23,-0.69,-0.81,-0.35,0.63,1
-4.71,1.17,1.24,1.75,0.31,-0.31,-0.69,-0.14,-0.29,1.02,1
-4.69,1.02,1.31,1.8,0.31,-0.41,-0.66,0.11,-0.33,0.84,1
-4.76,1.2,1.43,1.54,0.26,-0.28,-0.74,0.08,-0.26,0.88,1
-4.76,1.31,1.23,1.55,0.31,-0.15,-0.79,-0.12,-0.11,0.89,1
-4.75,1.33,1.09,1.77,0.22,-0.2,-0.78,-0.15,0.02,0.85,1
-4.69,1.15,1.09,1.92,0.2,-0.3,-0.69,-0.11,-0.14,0.88,1
-4.05,0.91,0.73,1.48,0.26,0.21,-1.12,-0.42,-0.34,0.98,1
-3.84,0.51,0.65,1.72,0.28,0.3,-0.91,-0.59,-0.63,1.02,1
-3.66,0.3,0.53,1.82,0.33,0.44,-0.86,-0.73,-0.81,1,1
-3.57,0.23,0.52,1.79,0.38,0.57,-0.96,-0.74,-0.94,1.01,1
-3.46,0.04,0.55,1.85,0.39,0.57,-1,-0.64,-1.04,1.05,1
-3.5,0.07,0.53,1.88,0.36,0.54,-0.98,-0.67,-1.01,1.1,1
-3.33,0.5,-0.69,1.37,-0.27,1.93,-0.36,0.51,-0.62,-0.49,2
-3.24,0.44,-0.86,1.36,-0.25,1.92,-0.4,0.75,-0.77,-0.33,2
-3.17,0.41,-0.97,1.21,-0.3,1.92,-0.22,0.72,-0.49,-0.43,2
-3.06,0.35,-1.07,1.06,-0.36,1.99,-0.21,0.8,-0.36,-0.3,2
-3.05,0.39,-1.17,0.94,-0.39,1.98,-0.19,0.81,-0.39,-0.2,2
-3.17,0.49,-1.13,0.91,-0.39,2.01,-0.21,0.71,-0.55,-0.19,2
-1.37,-0.03,-1,-0.39,-0.47,1.14,0.65,0.82,0.56,0.04,2
-1.66,0.06,-1.04,-0.32,-0.32,1.32,0.64,0.8,0.3,-0.16,2
-1.86,0.06,-1.01,-0.24,-0.15,1.46,0.57,0.78,0.15,-0.31,2
-1.9,-0.01,-0.97,-0.15,-0.16,1.51,0.49,0.81,0.04,-0.26,2
-2.05,0.07,-0.94,-0.04,0.08,1.56,0.39,0.84,-0.03,-0.39,2
-2.44,0.19,-0.81,0.26,0.41,1.64,0.4,0.76,-0.01,-0.56,2
-1.08,0.51,-2.01,0.31,-0.58,1.96,0.09,1.41,-0.67,-0.03,2
-1.01,0.52,-2.04,0.32,-0.63,1.97,0.04,1.41,-0.69,0.05,2
-0.94,0.54,-2.02,0.31,-0.68,1.9,0.03,1.5,-0.63,0.11,2
-0.96,0.51,-1.95,0.36,-0.68,1.9,0.05,1.54,-0.63,0.09,2
-1.12,0.42,-1.95,0.56,-0.47,1.98,0.03,1.61,-0.57,0.01,2
-1.4,0.32,-1.89,0.83,-0.24,2.04,0,1.67,-0.52,-0.09,2
-1.61,0.29,-1.2,-0.25,-0.26,1.25,0.28,0.9,0.19,-0.42,2
-1.43,0.26,-1.13,-0.28,-0.39,1.25,0.31,0.89,0.27,-0.38,2
-1.39,0.22,-1.11,-0.3,-0.39,1.28,0.36,0.82,0.29,-0.38,2
-1.45,0.2,-1.13,-0.28,-0.37,1.29,0.37,0.86,0.3,-0.39,2
-1.5,0.12,-1.13,-0.25,-0.37,1.29,0.35,0.85,0.31,-0.38,2
-1.54,0.04,-1.13,-0.21,-0.38,1.27,0.33,0.87,0.29,-0.39,2
-3.12,0.36,0.38,1.45,0.87,0.41,-0.92,-0.55,-0.64,0.17,2
-3.22,0.49,0.82,1.32,0.75,0.35,-0.98,-0.56,-0.49,0.17,2
-3.13,0.28,0.96,1.26,0.75,0.44,-0.84,-0.52,-0.47,0,2
-3.05,0.08,0.98,1.19,0.76,0.5,-0.71,-0.47,-0.57,-0.15,2
-3.28,0.32,1.05,1.15,0.73,0.17,-0.84,-0.38,-0.69,0.01,2
-3.54,0.62,0.67,1.41,0.65,-0.45,-0.8,-0.26,-0.65,0.42,2
-3.84,1.06,-0.19,1.69,0.62,1.25,-0.81,-0.51,-1.13,0.08,2
-3.62,0.92,-0.4,1.77,0.67,1.54,-0.39,-0.34,-1.28,-0.11,2
-3.52,0.72,-0.37,1.79,0.58,1.68,-0.11,-0.02,-1.5,0,2
-3.43,0.58,-0.47,1.78,0.57,1.69,0.07,0.08,-1.48,-0.14,2
-3.39,0.56,-0.57,1.7,0.61,1.64,0.11,0.2,-1.51,-0.23,2
-3.4,0.51,-0.59,1.63,0.66,1.46,0.07,0.38,-1.49,-0.45,2
-2.57,-0.11,-0.84,0.73,1.11,0.96,-0.08,0.15,-0.89,0.31,2
-2.66,-0.1,-0.69,0.7,1.08,1.05,-0.15,0.18,-0.93,0.33,2
-2.89,-0.04,-0.49,0.72,1.1,1,-0.42,0.1,-0.86,0.36,2
-3.15,0.09,-0.33,0.87,1.08,0.75,-0.52,-0.01,-0.82,0.48,2
-3.18,0.15,-0.41,0.92,1.09,0.58,-0.45,-0.09,-0.9,0.69,2
-3.1,0.1,-0.45,0.88,1.07,0.5,-0.3,-0.07,-0.97,0.71,2
-4.18,1.65,0.74,1.29,0.72,-0.51,-1.13,-0.45,-0.65,1,2
-4.39,2.14,0.57,1.4,0.29,-0.84,-0.97,-0.46,-0.28,1.18,2
-4.4,1.86,0.5,1.72,0.24,-0.82,-0.67,-0.69,-0.45,1.4,2
-4.32,1.41,0.44,1.82,0.5,-0.62,-0.63,-0.62,-0.67,1.19,2
-4.4,1.41,0.55,1.5,0.67,-0.62,-0.79,-0.38,-0.7,1.14,2
-4.54,1.67,0.64,1.28,0.5,-0.8,-0.71,-0.23,-0.55,1.06,2
-2.61,-0.09,-0.54,0.48,0.39,1.74,0.2,0.26,-0.38,-0.6,2
-2.5,0.12,-0.82,0.35,0.35,1.7,0.25,0.69,-0.08,-0.6,2
-1.89,0.21,-1.16,0.03,-0.05,1.58,0.28,1.13,0.37,-0.25,2
-1.36,0.14,-1.08,-0.15,-0.61,1.46,0.14,1.15,0.48,0.12,2
-1.53,0.03,-0.93,0.05,-0.57,1.59,0.12,1.12,0.34,0.03,2
-2.07,0.09,-0.73,0.3,-0.29,1.75,0.15,1.08,0.29,-0.17,2
-3.26,0.96,-0.79,1.53,-0.02,0.98,-0.12,0.5,-0.99,-0.62,2
-3.34,1,-0.75,1.51,-0.07,1.01,-0.02,0.38,-0.78,-0.9,2
-3.49,1.09,-0.67,1.4,-0.03,1.04,-0.05,0.38,-0.76,-0.93,2
-3.59,1.19,-0.62,1.34,-0.02,1.1,-0.07,0.37,-0.85,-0.77,2
-3.71,1.38,-0.58,1.43,-0.03,1.06,-0.13,0.33,-1.09,-0.57,2
-3.87,1.69,-0.61,1.43,0.04,0.84,-0.01,0.13,-1.22,-0.55,2
-2.97,0.66,-1.06,1.36,0.15,1.44,0.2,0.93,-0.45,-0.64,2
-3.03,0.69,-1.01,1.45,0.16,1.48,0.18,1.01,-0.54,-0.56,2
-3.05,0.72,-1.02,1.42,0.18,1.47,0.26,0.98,-0.43,-0.72,2
-3.03,0.7,-1.08,1.27,0.2,1.45,0.32,0.95,-0.32,-0.83,2
-3.03,0.45,-0.95,0.93,0.13,1.51,0.14,0.93,-0.1,-0.97,2
-3,0.22,-0.86,0.8,-0.01,1.8,-0.01,1.07,-0.06,-1.05,2
-2.91,0.76,-0.82,1.25,0.42,1.17,0.05,0.33,-0.96,-0.61,2
-2.96,0.77,-0.8,0.96,0.66,1.01,0.35,-0.02,-0.43,-0.75,2
-2.94,0.71,-0.86,0.9,0.64,0.92,0.47,0.01,-0.34,-0.59,2
-2.96,0.6,-0.76,0.89,0.58,0.84,0.54,0.04,-0.23,-0.58,2
-2.9,0.46,-0.66,0.83,0.61,0.81,0.57,0.04,-0.11,-0.62,2
-2.92,0.46,-0.72,0.96,0.64,0.83,0.5,0.05,-0.13,-0.64,2
-3.44,1.01,0.02,1.49,0.78,0.26,-0.78,-0.28,-0.71,0.75,2
-3.3,0.7,-0.21,1.63,0.82,0.29,-0.54,-0.2,-0.72,0.77,2
-3.27,0.58,-0.26,1.48,0.87,0.3,-0.5,-0.01,-0.62,0.88,2
-3.16,0.61,-0.29,1.29,0.88,0.34,-0.62,0.07,-0.52,0.89,2
-3.38,0.95,-0.06,1.47,0.54,0.05,-0.68,-0.1,-0.41,0.91,2
-3.5,1.67,0.08,1.53,0.38,-0.14,-0.81,-0.21,-0.31,1.05,2
-4.06,1.93,0.52,1.33,0.27,-0.17,-0.37,-0.67,-0.51,0.72,2
-4.01,2.1,0.3,1.29,0.45,-0.02,-0.57,-0.59,-0.34,0.7,2
-4,2.14,0.3,1.09,0.7,-0.13,-0.63,-0.4,-0.51,0.86,2
-3.99,2.01,0.5,0.85,0.77,-0.11,-0.64,-0.28,-0.73,0.88,2
-3.97,2,0.39,1.03,0.66,-0.19,-0.45,-0.4,-0.77,0.97,2
-3.92,1.93,0.27,1.36,0.45,-0.19,-0.24,-0.63,-0.62,1.04,2
-3.81,2.12,0.28,1.55,0.75,0.49,-0.58,-0.43,-0.99,0.65,2
-3.71,1.67,0.14,1.55,0.98,0.92,-0.4,-0.23,-1.15,0.74,2
-3.67,1.51,0.04,1.6,0.91,1.05,-0.17,-0.3,-1.13,0.59,2
-3.58,1.25,-0.06,1.65,0.79,1.13,0.1,-0.29,-1.13,0.47,2
-3.55,1.06,-0.01,1.46,0.85,1.12,0.07,-0.03,-1.32,0.56,2
-3.62,1.07,0.16,1.39,0.88,1.02,-0.09,0.09,-1.33,0.59,2
-2.12,0.89,-1.58,0.15,-0.71,1.56,-0.58,0.68,-0.81,-0.05,3
-2.14,0.95,-1.63,0.12,-0.7,1.6,-0.63,0.71,-0.9,-0.03,3
-2.11,1.04,-1.71,0.23,-0.56,1.55,-0.65,0.71,-0.86,-0.15,3
-2.08,1.05,-1.78,0.41,-0.52,1.46,-0.58,0.74,-0.87,-0.17,3
-2.26,0.9,-1.72,0.45,-0.52,1.45,-0.61,0.76,-0.89,-0.12,3
-2.3,0.85,-1.65,0.46,-0.49,1.49,-0.62,0.82,-0.89,-0.08,3
-1.82,0.46,-0.95,-0.34,0.09,0.75,0.14,0.46,-0.24,-0.27,3
-1.71,0.49,-0.95,-0.35,0.02,0.79,0.15,0.56,-0.23,-0.32,3
-1.98,0.39,-0.95,-0.25,-0.07,0.95,0.13,0.48,-0.32,-0.35,3
-1.95,0.35,-1.05,-0.23,-0.12,0.93,0.09,0.51,-0.28,-0.25,3
-1.8,0.43,-1,-0.43,-0.09,0.85,0.08,0.64,-0.28,-0.21,3
-1.67,0.33,-0.83,-0.58,-0.36,0.84,0.18,0.68,-0.12,-0.11,3
-1.77,0.79,-1.47,1.08,-0.35,1.7,-0.17,1.08,-0.69,-0.06,3
-1.5,0.85,-1.62,0.92,-0.49,1.62,-0.16,1.13,-0.61,-0.05,3
-1.33,0.85,-1.67,0.97,-0.46,1.52,-0.16,1.1,-0.54,-0.05,3
-1.22,0.83,-1.67,0.94,-0.43,1.46,-0.06,1.14,-0.42,0.06,3
-1.28,0.8,-1.65,0.97,-0.42,1.61,-0.03,1.22,-0.37,0.04,3
-1.49,0.66,-1.58,1.19,-0.25,1.78,-0.07,1.19,-0.41,0.09,3
-1.89,0.99,-1.06,0.12,0.59,0.26,0.37,0.39,-0.38,-0.66,3
-1.81,0.92,-0.93,0.12,0.43,0.55,0.24,0.43,-0.18,-0.73,3
-1.76,0.89,-1,0.2,0.3,0.66,0.16,0.56,-0.3,-0.65,3
-1.79,0.79,-1.04,0.21,0.22,0.69,0.12,0.58,-0.4,-0.49,3
-1.92,0.72,-0.95,0.3,0.22,0.79,0.13,0.59,-0.46,-0.49,3
-1.93,0.73,-1.02,0.27,0.2,0.78,0.19,0.71,-0.45,-0.6,3
-2.61,0.43,0.23,1.34,0.32,-0.38,-0.62,-0.22,-0.29,0.35,3
-2.68,0.53,0.25,1.24,0.47,-0.34,-0.65,-0.42,-0.25,0.41,3
-2.69,0.53,0.16,1.5,0.35,-0.41,-0.49,-0.51,-0.28,0.42,3
-2.84,0.53,0.24,1.63,0.23,-0.55,-0.64,-0.23,-0.19,0.45,3
-3.25,1.04,0.59,1.41,0.02,-0.82,-0.58,0.03,0.07,0.33,3
-3.29,0.93,0.52,1.48,0.25,-0.66,-0.64,-0.09,-0.13,0.2,3
-2.67,0.77,-1.01,1.31,0.29,0.86,-0.47,-0.19,-0.72,0.41,3
-2.69,0.77,-0.87,1.34,0.32,0.93,-0.33,-0.17,-0.94,0.4,3
-2.88,0.87,-0.73,1.44,0.36,0.85,-0.38,-0.23,-1.07,0.51,3
-3.09,1.01,-0.63,1.51,0.34,0.75,-0.48,-0.32,-1.09,0.65,3
-3.09,0.94,-0.57,1.36,0.42,0.76,-0.48,-0.14,-1.3,0.7,3
-2.95,0.78,-0.74,1.31,0.42,0.85,-0.32,-0.08,-1.46,0.62,3
-2.21,0.66,-0.58,1.14,0.24,0.07,-0.63,-0.37,-0.33,0.56,3
-2.1,0.66,-0.84,1.2,0.38,0.14,-0.5,-0.55,-0.4,0.6,3
-2.28,0.67,-0.8,1.29,0.31,0.01,-0.41,-0.61,-0.27,0.58,3
-2.56,0.76,-0.66,1.37,0.04,-0.01,-0.44,-0.53,-0.06,0.42,3
-2.51,0.56,-0.78,1.3,0.03,0.25,-0.49,-0.65,-0.03,0.48,3
-2.45,0.28,-0.81,1.14,0.24,0.18,-0.1,-0.75,-0.33,0.73,3
-3.75,0.83,-0.04,1.41,0.21,-0.53,-0.52,-0.4,-0.39,1.07,3
-3.96,1.08,0.11,1.23,0.21,-0.67,-0.54,-0.33,-0.27,1.1,3
-4.06,1.07,0.16,1.14,0.39,-0.69,-0.58,-0.19,-0.3,1.18,3
-4.15,1.13,-0.01,1.22,0.39,-0.47,-0.4,-0.34,-0.34,0.89,3
-4.32,1.27,-0.09,1.29,0.13,-0.13,-0.29,-0.46,-0.29,0.69,3
-4.43,1.17,0.01,1.32,0.19,-0.3,-0.12,-0.24,-0.42,0.68,3
-2.51,0.63,-0.59,0.3,0.5,0.82,-0.16,0.18,-0.36,-0.76,3
-2.63,0.67,-0.37,0.44,0.44,0.91,-0.4,-0.04,-0.37,-0.74,3
-2.68,0.49,-0.06,0.52,0.22,1.1,-0.43,-0.1,-0.37,-0.48,3
-2.59,0.62,-0.29,0.52,0.26,1.2,-0.34,0.26,-0.33,-0.51,3
-1.82,0.56,-0.8,0.23,0.01,1.22,-0.16,0.81,0.02,-0.38,3
-1.22,0.49,-0.72,0,-0.32,1.11,-0.15,0.77,0.39,-0.07,3
-2.05,0.82,-1.46,0.65,-0.7,0.35,-0.09,0.79,-0.57,-0.01,3
-2.01,0.79,-1.49,0.65,-0.69,0.31,-0.09,0.86,-0.52,-0.05,3
-1.93,0.78,-1.42,0.6,-0.58,0.22,-0.06,0.73,-0.33,-0.24,3
-1.9,0.76,-1.39,0.64,-0.61,0.25,-0.03,0.69,-0.27,-0.35,3
-1.93,0.69,-1.43,0.72,-0.59,0.27,-0.04,0.72,-0.25,-0.29,3
-2.03,0.7,-1.48,0.81,-0.68,0.42,0.02,0.75,-0.3,-0.24,3
-2.7,1.12,-0.99,0.17,0.5,0.37,0.09,0.63,-0.72,-0.26,3
-2.67,1.13,-1.05,0.23,0.54,0.35,0.16,0.55,-0.69,-0.3,3
-2.62,1.19,-1.16,0.4,0.46,0.35,0.3,0.46,-0.62,-0.31,3
-2.6,1.22,-1.32,0.59,0.31,0.36,0.45,0.35,-0.56,-0.31,3
-2.82,1.27,-1.13,0.71,0.4,0.41,0.29,0.32,-0.69,-0.38,3
-3.05,1.27,-0.8,0.51,0.52,0.51,0.04,0.3,-0.73,-0.43,3
-2.01,1.13,-1.03,0.21,0.66,0.36,0.46,0.37,-0.94,-0.61,3
-2.21,1.09,-0.63,0.02,0.91,0.66,0.24,0.35,-0.7,-0.91,3
-2.31,1.09,-0.59,0.11,0.93,0.73,0.21,0.27,-0.68,-0.91,3
-2.29,1.11,-0.82,0.23,0.87,0.62,0.34,0.3,-0.84,-0.83,3
-2.32,1.1,-0.83,0.26,0.82,0.59,0.4,0.33,-0.85,-0.77,3
-2.39,1.01,-0.75,0.37,0.79,0.47,0.42,0.32,-0.8,-0.68,3
-2.81,1.52,-0.09,0.6,-0.03,-0.29,-0.45,0.11,-0.14,0.66,3
-2.64,1.32,-0.11,0.86,0.03,-0.35,-0.43,0.08,-0.24,0.78,3
-2.68,1.41,-0.1,1.05,-0.04,-0.13,-0.56,-0.03,-0.19,0.71,3
-2.76,1.51,-0.15,1.16,-0.26,0.04,-0.65,-0.32,-0.13,0.81,3
-2.84,1.56,-0.08,1.23,-0.29,-0.04,-0.37,-0.39,-0.18,0.85,3
-2.85,1.41,-0.18,1.28,0,-0.15,-0.17,-0.42,-0.31,0.87,3
-3.1,1.39,-0.17,1.39,-0.61,-0.14,-0.01,-0.57,-0.07,1.13,3
-2.97,1.15,-0.29,1.61,-0.72,0.12,-0.09,-0.8,0.04,1.07,3
-2.96,1.15,-0.37,1.51,-0.58,0.15,-0.01,-0.95,-0.05,1.16,3
-2.97,1.12,-0.35,1.58,-0.67,0.13,-0.03,-0.89,-0.13,1.11,3
-2.96,1.06,-0.35,1.75,-0.85,0.34,-0.37,-0.73,0.05,0.82,3
-3,1.09,-0.33,1.65,-0.68,0.29,-0.3,-0.7,-0.15,0.71,3
-3.44,1.98,-0.4,1.02,-0.05,-0.17,-0.45,0.17,-0.68,1.04,3
-3.37,1.78,-0.6,1.3,0.01,-0.04,-0.46,-0.01,-0.59,1.05,3
-3.24,1.62,-0.83,1.59,0.09,0.05,-0.5,-0.21,-0.51,1.01,3
-3.23,1.55,-0.83,1.67,-0.04,0.3,-0.55,-0.44,-0.41,0.96,3
-3.32,1.55,-0.59,1.69,-0.26,0.39,-0.48,-0.46,-0.52,0.93,3
-3.47,1.81,-0.39,1.55,-0.08,-0.01,-0.48,-0.23,-0.72,0.97,3
-2.29,1.81,-1.5,1.01,-1.05,1.06,-0.57,0.24,-0.09,-0.8,4
-2.3,1.78,-1.51,0.98,-0.96,0.81,-0.29,0,0.12,-0.76,4
-2.31,1.75,-1.51,1.02,-0.99,0.94,-0.49,0.21,0.03,-0.85,4
-2.29,1.85,-1.62,0.99,-0.88,1.04,-0.55,0.2,-0.07,-0.81,4
-2.3,1.85,-1.7,1.07,-0.86,1.05,-0.61,0.31,-0.25,-0.76,4
-2.37,1.73,-1.56,1.16,-0.82,0.94,-0.57,0.35,-0.28,-0.74,4
-1.95,1.6,-1.59,0.37,-0.14,0.02,0.03,0.32,-0.19,-0.49,4
-1.95,1.47,-1.38,0.11,-0.15,0.17,-0.05,0.34,-0.1,-0.41,4
-1.91,1.47,-1.34,-0.01,-0.21,0.25,0.01,0.23,-0.01,-0.45,4
-1.91,1.55,-1.46,-0.02,-0.12,0.27,-0.04,0.16,-0.03,-0.47,4
-1.98,1.54,-1.49,-0.1,-0.03,0.32,-0.06,0.1,-0.07,-0.38,4
-2.05,1.51,-1.64,-0.06,-0.1,0.35,-0.02,0.11,-0.15,-0.3,4
-1.74,1.79,-1.05,1.07,-0.78,1.04,-0.03,0.93,-0.45,0.01,4
-1.67,1.71,-1.04,1.14,-0.87,1.04,-0.16,0.95,-0.36,0.02,4
-1.57,1.66,-1.04,1.16,-0.92,0.96,-0.23,0.96,-0.27,0.07,4
-1.5,1.61,-1,1.16,-0.88,0.9,-0.17,0.86,-0.15,0.16,4
-1.48,1.56,-1.01,1.2,-0.85,0.88,-0.14,0.82,-0.17,0.2,4
-1.51,1.49,-1.05,1.26,-0.81,0.94,-0.12,0.81,-0.21,0.15,4
-2.03,1.76,-0.39,-0.25,0.18,0.12,0.1,-0.12,0.07,-0.55,4
-2.01,1.81,-0.58,-0.03,0.13,0.08,0.09,-0.02,0.12,-0.72,4
-2.03,1.75,-0.53,-0.13,0.27,-0.06,0.08,0.06,0.05,-0.69,4
-2.09,1.7,-0.53,-0.23,0.39,-0.14,0.03,0.07,0.03,-0.74,4
-2.05,1.48,-0.49,0.04,-0.13,0.27,-0.11,-0.06,0.31,-0.8,4
-2.08,1.41,-0.58,0.19,-0.35,0.52,-0.41,0.31,0.03,-0.72,4
-1.57,0.93,-0.18,-0.16,-0.16,-0.28,0.14,-0.05,-0.69,0.28,4
-1.58,0.91,-0.29,0.01,-0.26,-0.23,0.19,-0.05,-0.63,0.24,4
-1.69,0.81,-0.04,-0.05,-0.17,-0.37,0.12,0.05,-0.61,0.3,4
-1.61,0.83,-0.06,-0.05,-0.04,-0.42,0.29,-0.09,-0.63,0.22,4
-1.6,0.89,-0.2,0.2,-0.12,-0.47,0.43,-0.11,-0.61,0.13,4
-1.71,0.94,-0.14,0.15,-0.09,-0.48,0.22,0.03,-0.69,0.19,4
-2.49,1.38,-0.93,0.47,-0.37,0,0.19,-0.7,-0.31,0.35,4
-2.52,1.34,-0.84,0.51,-0.49,0.1,0.05,-0.68,-0.28,0.17,4
-2.61,1.4,-0.87,0.47,-0.45,0.17,-0.06,-0.66,-0.33,0.09,4
-2.75,1.48,-0.85,0.36,-0.28,0.02,0,-0.78,-0.29,0.17,4
-2.85,1.45,-0.79,0.48,-0.37,0.05,-0.03,-0.76,-0.25,0.11,4
-3.01,1.47,-0.72,0.54,-0.39,0.05,-0.05,-0.69,-0.29,0.15,4
-1.89,2.21,-0.67,0.15,-0.15,-0.4,0.25,-0.1,-0.87,0.25,4
-1.93,2.17,-0.57,0.26,-0.16,-0.49,0.27,-0.15,-0.67,-0.01,4
-1.99,2.16,-0.6,0.42,-0.3,-0.49,0.21,-0.22,-0.56,0.08,4
-2.01,2.16,-0.63,0.39,-0.24,-0.44,0.1,-0.27,-0.65,0.17,4
-2.04,2.12,-0.59,0.55,-0.43,-0.29,0,-0.23,-0.75,0.25,4
-2.08,2.04,-0.52,0.58,-0.46,-0.25,-0.04,-0.16,-0.81,0.43,4
-3.49,1.21,-0.61,0.24,-0.43,0.13,0.24,0.55,-0.59,0.68,4
-3.65,1.22,-0.57,0.25,-0.3,0.16,0.15,0.55,-0.58,0.62,4
-3.63,1.2,-0.72,0.13,-0.07,0.35,-0.06,0.56,-0.59,0.81,4
-3.58,1.19,-0.96,0.19,-0.08,0.45,0.05,0.45,-0.68,0.92,4
-3.62,1.11,-0.97,0.4,-0.4,0.53,0.27,0.37,-0.72,0.94,4
-3.62,0.99,-1.11,0.69,-0.69,0.75,0.44,0.17,-0.46,0.74,4
-1.77,1.77,-1.14,-0.74,-0.09,0.12,-0.23,0.22,-0.01,-0.28,4
-1.71,1.65,-1.01,-0.62,-0.29,0.28,-0.28,0.48,0.05,-0.2,4
-1.72,1.19,-0.81,-0.52,-0.35,0.29,-0.4,0.68,0.17,-0.21,4
-1.79,0.93,-0.74,-0.4,-0.21,0.33,-0.4,0.6,0.2,-0.25,4
-1.97,0.84,-0.67,-0.27,0.03,0.4,-0.44,0.53,0.06,-0.34,4
-2.3,0.88,-0.62,-0.04,0.14,0.38,-0.6,0.34,-0.11,-0.39,4
-1.99,1.73,-1.13,0.56,-1.22,0.49,0.21,-0.04,-0.29,-0.55,4
-1.95,1.68,-1.04,0.59,-1.17,0.35,0.33,-0.11,-0.2,-0.61,4
-1.93,1.58,-1,0.67,-1.29,0.38,0.25,0.01,-0.17,-0.64,4
-1.93,1.52,-1,0.63,-1.27,0.21,0.39,0,-0.14,-0.62,4
-1.95,1.54,-1.01,0.54,-1.23,0.18,0.46,0,-0.18,-0.58,4
-2,1.5,-1.01,0.52,-1.24,0.4,0.27,0.15,-0.32,-0.49,4
-2.48,1.9,-1.29,0.11,0.29,0.1,0.02,0.83,-0.33,-0.76,4
-2.4,1.93,-1.5,0.37,0.07,0.01,0.15,0.81,-0.48,-0.67,4
-2.3,1.95,-1.49,0.31,0.05,0.06,0.03,0.9,-0.52,-0.65,4
-2.32,2.01,-1.37,0.18,0.21,0.07,0.04,0.81,-0.33,-0.75,4
-2.38,1.98,-1.1,-0.1,0.37,0.2,-0.13,0.75,-0.14,-0.96,4
-2.45,1.99,-1.08,-0.09,0.37,0.32,-0.16,0.68,-0.18,-1.01,4
-2.1,1.5,-0.32,-0.36,0.03,0.12,0.16,-0.07,-0.11,-0.4,4
-2.13,1.49,-0.3,-0.27,0.01,0.07,0.15,0.02,-0.13,-0.32,4
-2.16,1.53,-0.27,-0.29,-0.03,0.12,0.17,-0.02,-0.27,-0.27,4
-2.18,1.63,-0.33,-0.2,-0.16,0.25,0.18,-0.09,-0.35,-0.27,4
-2.15,1.66,-0.36,-0.08,-0.19,0.3,0.15,-0.08,-0.31,-0.31,4
-2.1,1.6,-0.3,-0.07,-0.17,0.29,0.15,-0.09,-0.3,-0.37,4
-2.03,2.16,-0.3,-0.21,-0.27,0.09,-0.18,-0.18,-0.28,0.29,4
-1.95,2.14,-0.07,-0.21,-0.24,0.26,-0.27,-0.24,-0.34,0.15,4
-1.9,2.14,0.09,-0.11,-0.15,0.08,-0.07,-0.1,-0.41,-0.1,4
-1.96,2.29,-0.09,-0.26,-0.01,0.02,-0.23,-0.07,-0.27,-0.02,4
-2.02,2.49,-0.42,-0.12,0.09,-0.03,-0.4,-0.08,-0.14,0.07,4
-2.03,2.43,-0.41,0.06,0.22,-0.03,-0.42,-0.01,-0.31,0.35,4
-2.93,1.85,-0.9,0.69,-1,0.5,0.21,-0.28,-0.2,0.6,4
-3.03,1.75,-0.9,0.67,-1.05,0.56,0.2,-0.16,-0.24,0.66,4
-3.05,1.52,-0.73,0.83,-1.21,0.5,0.33,-0.14,-0.26,0.75,4
-3.06,1.4,-0.69,0.96,-1.29,0.55,0.34,-0.3,-0.17,0.69,4
-3.19,1.59,-0.77,0.81,-1.09,0.62,0.22,-0.45,0,0.53,4
-3.34,1.71,-0.77,0.77,-0.98,0.63,0.08,-0.44,-0.08,0.61,4
-2.58,2.09,-1.45,0.89,-0.46,0.29,-0.21,-0.25,-0.14,1.21,4
-2.63,2.09,-1.43,0.94,-0.62,0.43,-0.31,-0.2,0.04,0.93,4
-2.63,2.08,-1.32,0.83,-0.55,0.29,-0.17,-0.2,0,0.8,4
-2.64,2.02,-1.27,0.76,-0.44,0.16,-0.03,-0.15,-0.16,0.86,4
-2.71,1.94,-1.25,0.77,-0.35,0.11,-0.06,0.04,-0.32,1.02,4
-2.8,1.96,-1.26,0.79,-0.27,0.08,-0.11,0.01,-0.31,1.14,4
-2.6,1.94,-0.85,1.06,-1.63,0.76,0.39,-0.15,0.28,-0.4,5
-2.54,2.14,-1.02,0.93,-1.57,1.02,0.19,-0.05,0.31,-0.63,5
-2.64,2.15,-1.13,0.91,-1.41,1.1,-0.07,0.12,0.14,-0.69,5
-2.72,2.07,-1.14,0.92,-1.16,1.17,-0.28,0.17,-0.01,-0.65,5
-2.91,1.93,-1.13,0.9,-0.91,1.11,-0.21,-0.05,-0.03,-0.54,5
-3.14,1.87,-1.13,0.94,-0.76,1.22,-0.35,0.02,-0.22,-0.57,5
-2.65,2.39,-0.01,0.07,-1.06,0.3,-0.11,0.28,0.49,-0.38,5
-2.67,2.7,-0.23,-0.03,-1.01,0.49,-0.14,0.45,0.29,-0.48,5
-2.7,2.83,-0.39,0.03,-0.96,0.44,-0.17,0.52,0.17,-0.53,5
-2.72,3,-0.56,-0.08,-0.94,0.55,-0.08,0.4,0.14,-0.63,5
-2.75,3.22,-0.98,-0.21,-0.79,0.77,-0.03,0.22,0.04,-0.83,5
-2.79,3.19,-1.14,-0.31,-0.58,0.36,0.28,0.08,0.11,-0.86,5
-2.43,2.13,-0.22,1.42,-1.17,0.41,-0.39,1.33,-0.07,0.23,5
-2.31,2.02,-0.2,1.49,-1.22,0.38,-0.48,1.4,-0.05,0.4,5
-2.23,1.99,-0.16,1.55,-1.19,0.33,-0.55,1.36,-0.01,0.37,5
-2.18,1.95,-0.14,1.66,-1.13,0.28,-0.66,1.35,0.01,0.51,5
-2.21,1.8,-0.2,1.77,-1.09,0.31,-0.62,1.25,0.14,0.41,5
-2.27,1.65,-0.23,1.86,-0.97,0.33,-0.61,1.12,0.12,0.29,5
-2.55,2.63,0.08,-0.16,-0.88,0.09,-0.19,0.96,0.03,-0.59,5
-2.56,2.3,0.41,0,-1.08,0.13,-0.25,0.98,0.07,-0.47,5
-2.53,1.8,0.74,0.24,-1.17,-0.07,-0.35,0.9,0.12,-0.12,5
-2.48,1.5,0.86,0.4,-1.17,-0.23,-0.39,0.83,0.16,0.06,5
-2.51,1.53,0.85,0.33,-1.23,-0.26,-0.27,0.86,0.07,0.07,5
-2.55,1.53,0.81,0.37,-1.21,-0.35,-0.25,0.89,0.05,0.08,5
-2.76,2.07,-0.31,-0.54,-0.69,0.09,0.88,0.17,-0.45,-0.09,5
-2.86,2.09,-0.41,-0.44,-0.64,0.32,0.82,0.1,-0.48,-0.25,5
-2.93,2.2,-0.53,-0.49,-0.52,0.59,0.81,-0.13,-0.48,-0.35,5
-2.94,2.16,-0.45,-0.21,-0.88,0.7,0.82,-0.04,-0.74,-0.19,5
-2.99,2.07,-0.31,-0.08,-0.88,0.45,0.92,0.08,-0.91,-0.11,5
-2.94,2.09,-0.35,-0.36,-0.61,0.4,0.86,0.19,-0.76,-0.24,5
-2.91,2.31,-0.66,0.02,-1.12,0.25,0.47,0.48,-0.16,-0.68,5
-2.88,2.17,-0.59,0.17,-1.17,0.01,0.57,0.5,-0.09,-0.62,5
-2.86,2.26,-0.68,0.1,-1.09,0.04,0.73,0.31,-0.14,-0.64,5
-2.85,2.43,-0.78,-0.15,-0.91,0.24,0.75,0.14,-0.11,-0.75,5
-2.88,2.42,-0.76,-0.11,-1.02,0.36,0.71,0.13,-0.02,-0.85,5
-2.9,2.42,-0.81,-0.04,-1.16,0.45,0.69,0.22,-0.08,-0.88,5
-2.49,2.82,-0.24,-0.33,-1.36,0.28,0.1,0.93,-0.97,-0.31,5
-2.51,2.83,-0.17,-0.39,-1.5,0.38,0.07,0.9,-0.9,-0.41,5
-2.56,2.83,-0.28,-0.37,-1.59,0.41,0.12,0.93,-0.95,-0.36,5
-2.6,2.74,-0.32,-0.26,-1.67,0.23,0.2,1.01,-0.87,-0.46,5
-2.64,2.7,-0.35,-0.23,-1.65,0.06,0.28,0.95,-0.65,-0.57,5
-2.66,2.74,-0.38,-0.31,-1.64,0.08,0.28,0.88,-0.54,-0.55,5
-2.81,2.33,-1.25,-0.18,-0.76,0.49,1.2,-0.56,-0.67,0.05,5
-3,2.26,-1.18,-0.12,-0.92,0.54,1.29,-0.51,-0.57,-0.1,5
-3.43,2.26,-1.07,-0.12,-0.8,0.36,1.4,-0.51,-0.38,0.02,5
-3.83,2.37,-0.84,-0.34,-0.47,0.12,1.17,-0.18,-0.28,0.12,5
-3.85,2.28,-1.06,-0.34,-0.16,0.41,0.91,-0.39,-0.34,0.26,5
-3.6,2.15,-1.49,-0.14,-0.3,0.82,0.87,-0.49,-0.47,0.41,5
-2.67,3.16,-0.51,0.13,-0.96,0.23,-0.07,1.19,0.25,-0.47,5
-2.7,3.13,-0.52,0.29,-0.99,0.02,-0.07,1.11,0.36,-0.4,5
-2.77,2.91,-0.19,0.35,-0.96,0.09,-0.25,1,0.6,-0.34,5
-2.92,2.7,-0.12,0.45,-0.86,-0.04,-0.31,0.87,0.62,-0.3,5
-3.04,2.48,0.02,0.51,-0.74,-0.1,-0.36,0.71,0.6,-0.21,5
-2.97,2.15,0.13,0.68,-0.79,0.11,-0.51,0.76,0.63,-0.27,5
-2.77,2.82,-2.02,0.21,-0.77,0.85,0.25,-0.19,-0.2,-0.09,5
-2.79,2.79,-1.92,0.23,-0.99,1.08,0.07,-0.07,-0.26,-0.14,5
-2.82,2.74,-2.01,0.23,-0.92,1.1,0.09,-0.18,-0.14,-0.09,5
-2.8,2.71,-1.94,0.15,-0.92,1.24,-0.08,-0.01,-0.21,-0.06,5
-2.8,2.61,-1.73,0.04,-0.94,1.04,0.19,0.04,-0.17,-0.23,5
-2.91,2.54,-1.57,0.07,-1.05,1.21,0.01,0.29,-0.33,-0.34,5
-2.74,2.73,-0.13,-0.49,-0.57,0.87,0.07,0.77,0.05,-0.94,5
-2.76,2.84,-0.28,-0.45,-0.49,0.79,0.12,0.79,0.02,-0.95,5
-2.79,2.67,0.04,-0.44,-0.6,0.81,0.1,0.72,0.13,-0.91,5
-2.7,2.69,-0.04,-0.53,-0.63,0.92,0.17,0.65,0.1,-0.94,5
-2.54,2.93,-0.38,-0.75,-0.56,0.98,0.3,0.54,0.13,-0.96,5
-2.54,2.73,-0.07,-0.79,-0.9,0.97,0.52,0.32,0.28,-0.82,5
-2.57,1.87,-0.27,0.19,-0.66,0.27,-0.33,0.18,0.35,-0.51,5
-2.6,1.87,-0.21,0.21,-0.57,0.15,-0.21,0.12,0.4,-0.54,5
-2.64,1.88,-0.39,0.2,-0.57,0.09,-0.23,0.28,0.43,-0.6,5
-2.72,1.98,-0.64,0.34,-0.68,0.16,-0.34,0.48,0.38,-0.73,5
-2.73,2.03,-0.71,0.38,-0.77,0.28,-0.47,0.69,0.21,-0.74,5
-2.71,2.07,-0.69,0.31,-0.75,0.27,-0.41,0.6,0.36,-0.71,5
-2.26,3.34,-1.17,-0.63,-0.16,0.93,0.13,-0.33,-0.78,0.31,5
-2.25,3.42,-0.89,-0.82,-0.3,0.77,0.19,-0.24,-0.79,0.05,5
-2.31,3.63,-1.2,-0.67,-0.3,0.78,0.2,-0.28,-0.84,0.19,5
-2.36,3.74,-1.39,-0.36,-0.35,1,0.21,-0.38,-1.05,0.72,5
-2.41,3.85,-1.41,-0.3,-0.4,1.07,0.22,-0.29,-1.12,1.04,5
-2.46,3.71,-1.3,-0.34,-0.49,1.13,0.19,-0.21,-1.07,0.94,5
-2.94,2.64,-1.22,0.38,-0.99,1.47,0.13,-0.46,-0.47,0.65,5
-2.93,2.67,-1.24,0.4,-1.03,1.55,0.05,-0.59,-0.33,0.6,5
-2.97,2.78,-1.28,0.35,-0.94,1.51,0,-0.42,-0.56,0.73,5
-2.96,2.81,-1.32,0.32,-0.78,1.37,0.13,-0.37,-0.68,0.49,5
-2.93,2.83,-1.36,0.32,-0.74,1.43,0,-0.17,-0.94,0.61,5
-2.9,2.8,-1.2,0.23,-0.82,1.26,0.26,-0.08,-1.1,0.42,5
-3.12,3.14,-1.47,-0.35,-0.02,0.75,0.14,-0.23,-0.38,0.72,5
-3.07,3.06,-1.47,-0.38,0.23,0.79,-0.1,-0.14,-0.4,0.57,5
-3.05,3.06,-1.67,-0.21,0.47,0.72,-0.24,-0.18,-0.32,0.41,5
-3.05,3.06,-1.6,-0.12,0.14,0.76,0.12,-0.4,-0.4,0.48,5
-3.02,3.01,-1.49,-0.11,-0.13,0.93,0.23,-0.46,-0.56,0.6,5
-3,2.94,-1.38,-0.19,-0.13,0.96,0.35,-0.39,-0.71,0.62,5
-2.85,1.91,-0.76,0.83,-1.59,0.86,0.22,-0.25,0.24,-0.37,6
-2.83,2,-0.74,0.8,-1.67,0.94,0.25,-0.26,0.26,-0.46,6
-2.89,2.13,-0.83,0.68,-1.56,0.82,0.45,-0.38,0.21,-0.4,6
-3.02,2.23,-0.9,0.57,-1.33,0.55,0.61,-0.45,0.04,-0.16,6
-3.09,2.34,-0.97,0.46,-1.17,0.54,0.6,-0.45,-0.08,-0.04,6
-3.07,2.37,-1,0.5,-1.3,0.86,0.33,-0.4,0.07,-0.16,6
-2.32,1.3,0.32,-0.09,-0.28,0,-0.09,-0.28,0.85,0.02,6
-2.44,1.42,0.39,-0.34,-0.19,-0.08,0,-0.18,0.79,-0.03,6
-2.55,1.12,0.42,-0.02,-0.65,0.02,0.15,-0.33,0.66,0.07,6
-2.39,1.24,0.27,-0.04,-0.69,0.16,-0.06,-0.19,0.74,0.09,6
-2.35,1.53,0.09,-0.08,-0.43,0.13,-0.2,0.03,0.85,-0.04,6
-2.49,1.77,-0.18,-0.15,-0.35,0.13,-0.19,0.21,0.79,-0.29,6
-2.13,1.95,-0.42,1.46,-0.99,0.52,-0.34,1.25,-0.37,0.15,6
-2.16,2.03,-0.39,1.35,-1.05,0.65,-0.25,1.28,-0.4,0.18,6
-2.04,1.95,-0.44,1.34,-1.05,0.56,-0.24,1.24,-0.28,0.31,6
-1.89,1.78,-0.52,1.46,-1.05,0.57,-0.31,1.15,-0.24,0.33,6
-1.82,1.68,-0.67,1.48,-1.04,0.71,-0.25,1.19,-0.27,0.22,6
-1.8,1.56,-0.8,1.39,-0.99,0.75,-0.03,0.96,-0.23,0.3,6
-2.46,1.97,0.03,0.08,-0.54,0.07,0.05,0.6,0.26,-0.44,6
-2.43,1.87,0.21,0.12,-0.63,0.18,0.04,0.61,0.45,-0.56,6
-2.38,1.64,0.31,0.26,-0.82,0.23,-0.09,0.87,0.37,-0.53,6
-2.31,1.49,0.29,0.25,-0.77,0.05,-0.07,0.82,0.62,-0.57,6
-2.29,1.15,0.35,0.35,-0.71,0.08,-0.18,0.79,0.71,-0.41,6
-2.34,0.79,0.37,0.49,-0.67,0.28,-0.24,0.83,0.59,-0.27,6
-2.5,1.61,-0.62,-0.45,-0.23,-0.15,1.16,0.12,-0.81,0.5,6
-2.45,1.5,-0.68,-0.46,-0.14,0,1.01,0.06,-0.6,0.18,6
-2.56,1.42,-0.8,-0.23,-0.08,0.24,0.77,-0.11,-0.71,0.17,6
-2.84,1.34,-0.71,0,0.13,0.41,0.54,-0.08,-1,0.09,6
-3,1.16,-0.45,0.33,0.1,0.57,0.43,-0.02,-1.15,-0.06,6
-3.25,1.03,-0.29,0.71,-0.04,0.54,0.48,-0.12,-0.95,-0.11,6
-2.69,1.97,-0.86,0.03,-0.64,0.48,0.14,0.16,-0.22,-0.34,6
-2.59,1.81,-0.66,-0.02,-0.67,0.59,0.08,0.18,-0.09,-0.37,6
-2.5,1.69,-0.61,0.02,-0.71,0.61,0.09,0.27,-0.06,-0.51,6
-2.51,1.51,-0.56,0.23,-0.74,0.63,-0.01,0.52,-0.14,-0.65,6
-2.66,1.26,-0.53,0.46,-0.61,0.67,-0.16,0.86,-0.42,-0.6,6
-2.91,1.1,-0.49,0.58,-0.39,0.77,-0.13,0.98,-0.54,-0.6,6
-2.34,2.9,-0.3,-0.42,-0.65,0.35,0.12,0.45,-1.13,0.11,6
-2.35,2.9,-0.43,-0.19,-0.72,0.36,0.26,0.27,-1.21,0.36,6
-2.42,2.52,-0.29,0.09,-0.9,0.28,0.3,0.25,-1.21,0.37,6
-2.52,2.27,-0.28,0.27,-0.91,0.27,0.35,-0.03,-1.18,0.43,6
-2.73,2.1,-0.51,0.14,-0.53,0.46,0.15,-0.41,-1.06,0.63,6
-2.98,2,-0.92,0.19,0.04,0.47,-0.13,-0.69,-0.68,0.66,6
-3.13,1.98,-1.4,0.25,-0.67,0.53,0.39,-0.18,-0.58,0.84,6
-3.42,1.98,-1.15,0.23,-0.78,0.41,0.49,0.13,-0.7,0.76,6
-3.77,1.97,-0.96,0.3,-0.74,0.41,0.38,0.15,-0.54,0.74,6
-3.82,1.71,-1.13,0.45,-0.47,0.67,0.3,-0.18,-0.47,0.85,6
-3.96,1.72,-1.29,0.53,-0.17,0.53,0.28,-0.15,-0.6,1.14,6
-4.12,1.74,-1.34,0.62,0.03,0.35,0.35,-0.1,-0.54,0.99,6
-2.51,1.33,0.35,0.66,-0.72,0.42,-0.5,0.71,0.64,-0.2,6
-2.59,1.62,0.27,0.38,-0.78,0.49,-0.21,0.73,0.59,-0.4,6
-2.63,1.55,0.3,0.32,-1.05,0.75,0.07,0.6,0.34,-0.41,6
-2.7,1.26,0.44,0.66,-1.16,0.81,0.06,0.58,0.18,-0.33,6
-2.89,1.42,0.41,0.61,-1.02,0.99,0.01,0.52,-0.03,-0.33,6
-2.78,1.43,0.15,0.31,-0.93,1.34,0.02,0.59,-0.04,-0.27,6
-2.55,2.39,-1.14,0.09,-0.95,0.22,0.05,0.72,-0.56,-0.2,6
-2.54,2.35,-1.03,0.15,-0.92,0.2,-0.06,0.84,-0.71,-0.07,6
-2.52,2.28,-0.95,0.23,-0.92,0.25,-0.09,0.83,-0.7,-0.09,6
-2.56,2.19,-0.96,0.21,-0.84,0.39,-0.08,0.74,-0.61,-0.2,6
-2.69,2.11,-1.07,0.17,-0.65,0.43,-0.02,0.66,-0.5,-0.29,6
-2.94,2.18,-1.29,0.36,-0.37,0.57,0.05,0.45,-0.71,-0.26,6
-2.43,2.9,-1.34,-0.41,0.37,0.84,-0.02,0.34,0.12,-0.75,6
-2.46,2.76,-0.98,-0.65,0.16,1.05,-0.15,0.2,0.25,-0.75,6
-2.45,2.68,-0.82,-0.74,0.08,1.12,-0.06,0.02,0.28,-0.72,6
-2.44,2.53,-0.49,-0.81,-0.15,1.29,0.08,-0.06,0.29,-0.64,6
-2.51,2.36,-0.18,-0.79,-0.32,1.36,0.3,-0.12,0.21,-0.62,6
-2.7,2.07,0.21,-0.63,-0.35,1.23,0.4,-0.03,0.25,-0.7,6
-2.35,1.6,-0.28,0.39,-0.42,0.27,-0.46,0.39,0.25,-0.5,6
-2.38,1.57,-0.24,0.41,-0.43,0.23,-0.29,0.3,0.37,-0.51,6
-2.46,1.59,-0.36,0.38,-0.24,0.13,-0.16,0.3,0.44,-0.71,6
-2.58,1.61,-0.31,0.27,-0.15,0.26,-0.06,0.17,0.34,-0.69,6
-2.73,1.6,-0.15,0.17,0.02,0.38,0.08,-0.04,0.17,-0.67,6
-2.86,1.59,-0.03,0.2,0.17,0.45,0.21,-0.07,-0.01,-0.71,6
-2.59,2.58,-0.37,-0.52,-0.18,0.52,-0.14,0.1,-0.73,0.07,6
-2.49,2.4,-0.44,-0.37,-0.07,0.53,0.01,0.12,-0.62,-0.19,6
-2.49,2.38,-0.52,-0.16,-0.18,0.41,0.2,0.06,-0.59,-0.26,6
-2.58,2.45,-0.38,0.17,-0.41,0.38,0.19,0.1,-0.49,-0.08,6
-2.71,2.56,-0.44,0.32,-0.35,0.43,0.09,-0.04,-0.43,0.34,6
-2.88,2.66,-0.57,0.43,-0.25,0.21,0.18,-0.28,-0.4,0.61,6
-3.07,1.78,-0.92,0.7,0.18,0.66,-0.09,-0.36,-0.77,0.95,6
-3.08,1.82,-0.91,0.73,0.16,0.61,-0.08,-0.38,-0.74,0.85,6
-3.21,1.9,-0.93,0.73,0.26,0.57,-0.23,-0.34,-0.68,0.77,6
-3.37,2.01,-0.92,0.84,0.22,0.54,-0.32,-0.37,-0.5,0.65,6
-3.46,2.03,-0.86,0.89,0.28,0.44,-0.31,-0.39,-0.6,0.73,6
-3.57,2.08,-0.58,0.85,0.13,0.38,-0.18,-0.51,-0.85,0.99,6
-2.87,3.13,-1.3,0.01,-0.29,0.48,0.26,-0.34,-0.61,0.83,6
-2.9,2.99,-1.15,0.06,-0.48,0.62,0.34,-0.37,-0.69,0.79,6
-2.92,2.9,-1.07,-0.08,-0.26,0.55,0.32,-0.32,-0.78,0.79,6
-2.94,2.78,-1.11,-0.08,0,0.58,0.25,-0.4,-0.77,0.84,6
-2.9,2.74,-1.12,0.01,0.07,0.65,0.21,-0.45,-0.82,0.75,6
-2.92,2.73,-1.14,0.07,0.1,0.68,0.16,-0.4,-0.88,0.83,6
-3.48,2.52,-0.43,1.05,-2,0.9,0.32,0.45,0.38,-0.37,7
-3.58,2.37,-0.36,1.16,-1.95,0.62,0.34,0.36,0.42,-0.26,7
-3.64,2.25,-0.39,1.01,-1.69,0.12,0.67,0.28,0.34,0,7
-3.56,2.13,-0.45,1.05,-1.77,0.35,0.55,0.32,0.44,-0.12,7
-3.46,2.09,-0.6,0.94,-1.84,0.6,0.46,0.4,0.47,-0.21,7
-3.47,2.18,-0.82,0.71,-1.71,0.78,0.42,0.35,0.43,-0.27,7
-3.14,3.31,-1,-0.39,-0.19,-0.31,0.14,0.63,0.55,-0.25,7
-3.15,3.08,-0.68,-0.03,-0.69,-0.06,-0.27,0.48,0.98,-0.35,7
-3.05,3.1,-0.51,-0.09,-0.95,0.3,-0.27,0.46,0.89,-0.31,7
-3.09,3.01,-0.31,-0.02,-0.96,0.2,-0.23,0.37,0.96,-0.09,7
-3.11,2.92,-0.21,0.03,-0.9,0.02,-0.23,0.26,1.07,-0.07,7
-3.07,3.14,-0.46,-0.22,-0.76,-0.05,0.07,0.27,1,-0.33,7
-2.61,2.41,-0.09,1.59,-1.48,0.16,-0.53,1.55,0.03,0.52,7
-2.65,2.16,-0.05,1.69,-1.26,0.06,-0.61,1.4,0.13,0.6,7
-2.68,1.73,-0.09,2,-1.01,0.04,-0.82,1.23,0.13,0.72,7
-2.62,1.65,-0.16,2.02,-1.05,0.09,-0.75,1.34,0.2,0.71,7
-2.57,1.81,-0.17,1.83,-1.16,0.12,-0.61,1.54,0.11,0.75,7
-2.45,1.91,-0.21,1.64,-1.16,0.1,-0.54,1.58,0.06,0.79,7
-3.19,2.03,0.83,0.81,-1.21,0.04,-0.95,0.79,1.05,0.21,7
-3.24,1.75,0.96,1.07,-1.19,0.02,-1.02,0.66,1.01,0.44,7
-3.18,1.35,0.99,1.32,-0.85,-0.01,-1.23,0.35,1.02,0.77,7
-3.06,1.01,0.94,1.44,-0.58,0.07,-1.33,0.11,0.96,0.98,7
-2.93,0.72,0.83,1.51,-0.52,0.07,-1.16,0.02,0.87,1.07,7
-2.83,0.65,0.73,1.43,-0.72,-0.03,-0.84,0.24,0.92,0.89,7
-3.53,2.32,1.09,0.25,-1.05,-0.43,-0.03,1.31,-0.24,-0.67,7
-3.41,2.4,1.03,0.11,-1.1,-0.32,0.1,1.54,-0.3,-0.67,7
-3.44,2.71,1.07,0.03,-1.12,-0.21,0.06,1.44,-0.35,-0.42,7
-3.59,3.13,0.89,-0.19,-1.16,-0.22,0.05,1.34,-0.64,-0.25,7
-3.68,3.67,0.04,-0.51,-0.91,0.03,0.49,0.65,-0.72,-0.32,7
-3.66,3.27,-0.12,-0.24,-0.76,0.09,0.69,0.38,-0.58,-0.69,7
-3.39,2.76,-0.71,-0.03,-0.64,0.11,0.78,0.44,-0.11,-0.98,7
-3.35,2.85,-0.89,0.01,-0.55,0.29,0.9,0.32,-0.3,-1.02,7
-3.24,2.75,-0.81,-0.2,-0.39,0.36,0.89,0.52,-0.3,-1.08,7
-3.12,2.73,-0.86,-0.33,-0.31,0.59,0.85,0.48,-0.17,-0.9,7
-3.25,2.8,-0.87,-0.21,-0.32,0.81,0.82,0.06,-0.12,-0.75,7
-3.46,2.65,-0.45,0,-0.42,0.77,0.57,-0.07,-0.08,-0.8,7
-2.72,2.33,0.7,0.24,-1.43,-0.22,-0.32,1.52,-0.16,-0.7,7
-2.71,2.4,0.73,0.34,-1.44,-0.34,-0.41,1.47,-0.02,-0.72,7
-2.78,2.56,0.53,0.28,-1.47,-0.37,-0.28,1.48,-0.16,-0.8,7
-2.92,2.62,0.21,0.12,-1.48,-0.17,0.05,1.38,-0.64,-0.76,7
-3.03,2.71,-0.15,-0.03,-1.34,0.05,0.36,1.1,-1.02,-0.65,7
-3.1,2.53,-0.32,-0.32,-1.08,0.29,0.45,0.85,-0.95,-0.71,7
-3.75,3.02,-0.76,-0.45,-0.67,0.21,0.74,0.9,-1.61,0.13,7
-3.89,3.17,-0.74,-0.69,-0.55,0.33,0.57,0.98,-1.61,0.28,7
-3.98,3.07,-0.51,-0.83,-0.48,0.43,0.36,0.94,-1.31,0.2,7
-3.95,2.99,-0.64,-0.99,-0.18,0.77,0.25,0.8,-1.48,0.17,7
-3.89,2.91,-0.97,-0.67,-0.13,0.52,0.59,0.71,-1.52,0.12,7
-4.07,2.88,-0.86,-0.22,-0.53,0.23,0.86,0.63,-1.45,0.27,7
-2.76,1.11,0.73,1.54,-0.86,0.26,-1.11,0.23,0.42,0.99,7
-2.73,1.09,0.76,1.69,-0.83,0.29,-1.07,0.27,0.37,1.03,7
-2.63,0.88,0.71,1.8,-0.75,0.33,-1.13,0.18,0.34,1.17,7
-2.48,0.56,0.62,1.95,-0.65,0.38,-1.11,0.04,0.24,1.29,7
-2.71,0.81,0.75,1.9,-0.76,0.38,-1.12,0.16,0.41,1.16,7
-3.07,1.53,0.95,1.54,-1.06,0.27,-0.96,0.45,0.62,0.97,7
-3.3,2.88,-0.86,-0.3,-1.02,0.8,0.29,0.86,-0.53,-0.66,7
-3.23,3,-1.16,-0.32,-0.82,0.87,0.31,0.68,-0.57,-0.7,7
-3.17,3.17,-1.5,-0.37,-0.44,0.97,0.18,0.56,-0.79,-0.55,7
-3.15,3.18,-1.57,-0.2,-0.49,0.72,0.31,0.65,-0.87,-0.59,7
-3.19,3.1,-1.66,-0.18,-0.44,0.83,0.27,0.5,-0.86,-0.52,7
-3.24,2.92,-1.41,-0.46,-0.45,1.22,0.08,0.38,-0.78,-0.41,7
-2.97,3.56,-0.4,-0.72,-0.67,0.92,0.29,1.01,0.14,-1.1,7
-3.05,3.31,0.17,-0.61,-1.03,0.92,0.35,0.9,0.37,-0.87,7
-3.02,3.26,0.35,-0.58,-1.18,0.87,0.56,0.76,0.4,-0.67,7
-2.97,3.13,0.5,-0.49,-1.37,0.7,0.66,0.68,0.47,-0.53,7
-2.95,2.64,0.83,-0.39,-1.5,0.27,0.76,0.54,0.62,-0.4,7
-3.02,2.22,1,-0.46,-1.51,0.05,0.86,0.47,0.66,-0.34,7
-3.01,2.88,-0.9,0.21,-0.57,-0.2,0.45,0.31,0.41,-0.3,7
-3.12,2.88,-0.75,-0.05,-0.43,-0.05,0.45,0.31,0.54,-0.49,7
-3.24,2.9,-0.63,-0.33,-0.42,0.23,0.54,0.14,0.62,-0.62,7
-3.31,2.95,-0.81,-0.3,-0.46,0.32,0.52,0.15,0.53,-0.72,7
-3.34,3.03,-1.19,-0.27,-0.36,0.54,0.49,0.15,0.37,-0.93,7
-3.34,3.01,-1.26,-0.34,-0.12,0.5,0.59,0.08,0.22,-0.82,7
-2.7,3.6,-0.57,-1.04,-0.71,1.01,0.4,0.43,-1.01,-0.01,7
-2.78,3.56,-0.44,-1.04,-0.57,1.27,0.22,0.3,-0.99,-0.04,7
-2.9,3.39,-0.41,-0.99,-0.59,1.32,0.24,0.23,-1.07,-0.09,7
-2.92,3.48,-0.82,-0.75,-0.42,1.05,0.61,0.18,-1.17,0.12,7
-2.88,3.58,-1.2,-0.56,-0.16,0.97,0.76,-0.03,-1.02,0.35,7
-2.82,3.69,-1.41,-0.56,0.03,0.87,0.69,-0.14,-0.93,0.28,7
-3.32,3.4,-1.71,0.75,-0.21,1.43,0,-0.19,-1.33,0.03,7
-3.4,3.44,-1.81,0.81,-0.16,1.45,-0.11,-0.5,-1.2,-0.05,7
-3.49,3.45,-1.73,0.71,-0.23,1.34,0.09,-0.7,-1.14,-0.05,7
-3.55,3.39,-1.7,0.56,-0.07,1.07,0.24,-0.63,-1.07,-0.18,7
-3.52,3.32,-1.87,0.69,0.26,0.82,0.14,-0.62,-1.1,0.08,7
-3.57,3.41,-1.58,0.56,0,0.76,0.29,-0.47,-1.41,0.59,7
-3.06,2.9,-0.85,-0.36,-0.48,1.03,0.5,0.51,-0.73,0.08,7
-3.03,2.9,-0.8,-0.45,-0.5,1.04,0.68,0.48,-0.78,-0.06,7
-3.05,2.82,-0.7,-0.4,-0.64,0.92,0.67,0.69,-0.61,-0.05,7
-3.1,2.85,-0.82,-0.4,-0.6,1.09,0.57,0.74,-0.68,0.05,7
-3.18,3,-1.1,-0.37,-0.42,1.32,0.48,0.47,-0.81,0.11,7
-3.24,3.08,-1.43,-0.2,-0.28,1.42,0.58,0.07,-0.91,0.15,7
-3.94,2.31,0.12,1.77,-1.82,0.59,-0.44,0.99,0.58,-0.3,8
-3.95,2.25,0.13,1.77,-1.91,0.57,-0.43,1.05,0.6,-0.29,8
-3.99,2.33,0.1,1.63,-2.01,0.58,-0.34,1,0.57,-0.25,8
-4.07,2.28,0.15,1.56,-1.61,-0.05,0.22,0.25,0.78,0.13,8
-4.21,2.45,0.05,1.33,-2.09,0.59,-0.05,0.82,0.61,-0.3,8
-4.24,2.44,0.04,1.16,-2.13,0.55,0.12,0.82,0.57,-0.29,8
-3.94,3.35,0.49,-0.51,-1.12,0.1,0.3,0.71,-0.08,0.65,8
-3.9,3.59,0.33,-0.67,-1.09,0.26,0.46,0.81,-0.19,0.54,8
-3.84,3.75,0.12,-0.66,-1.07,0.33,0.73,0.88,-0.3,0.42,8
-3.92,3.5,0.41,-0.53,-1.15,0.02,0.61,0.98,-0.33,0.45,8
-3.99,3.61,0.58,-0.42,-1.11,-0.17,0.35,0.89,-0.17,0.65,8
-3.96,3.94,0.47,-0.56,-1.04,-0.06,0.24,0.89,-0.03,0.8,8
-3.81,3.71,-0.16,1.56,-1.5,-0.37,-0.58,1.41,0.29,-0.1,8
-3.83,3.75,-0.18,1.52,-1.59,-0.28,-0.33,1.19,0.43,-0.1,8
-3.84,3.7,-0.23,1.52,-1.73,-0.18,0.06,0.97,0.5,-0.13,8
-3.76,3.25,-0.26,1.52,-1.68,-0.23,0.24,0.99,0.62,0.05,8
-3.69,3.07,-0.27,1.62,-1.91,0.05,0.01,1.35,0.35,0.36,8
-3.68,3.13,-0.24,1.59,-1.75,-0.22,0.04,1.05,0.55,0.23,8
-3.57,1.5,0.94,1.83,-1.22,0.18,-1.45,0.92,0.77,1.06,8
-3.57,1.36,0.96,1.98,-1.27,0.09,-1.36,0.72,0.74,1.15,8
-3.57,1.37,0.97,1.96,-1.26,0,-1.28,0.59,0.75,0.99,8
-3.58,1.36,0.91,1.88,-1.17,0.04,-1.54,0.66,0.84,1.09,8
-3.53,1.27,0.9,1.89,-1.28,0.01,-1.44,0.66,0.87,1.04,8
-3.48,1.13,0.9,1.99,-1.39,-0.05,-1.27,0.65,0.84,1.04,8
-3.89,3.69,0.08,-0.15,-1.09,-0.52,0.2,1.58,-0.26,-0.17,8
-3.96,3.92,0.15,-0.27,-1.2,-0.25,0.2,1.16,-0.05,-0.04,8
-4.07,3.91,-0.07,-0.38,-1.16,0.07,0.51,1,0.03,-0.19,8
-4.22,3.89,0.02,-0.14,-1.13,-0.05,0.52,1.02,0.08,-0.23,8
-4.21,3.87,0.16,-0.05,-1.25,-0.1,0.28,0.92,0.09,-0.16,8
-4.22,3.64,0.19,-0.02,-1.23,-0.32,0.13,1.03,0.06,-0.18,8
-4.24,3.35,-0.42,0.9,-1.03,-0.28,0.58,0.48,0.56,-0.09,8
-4.23,3.11,-0.38,1.16,-1.19,-0.36,0.52,0.51,0.67,-0.07,8
-4.19,3.23,-0.46,1.08,-1.39,-0.1,0.46,0.56,0.7,-0.32,8
-4.18,3.32,-0.45,0.99,-1.48,0.13,0.51,0.61,0.69,-0.46,8
-4.17,3.19,-0.38,1.03,-1.41,0.01,0.51,0.64,0.8,-0.28,8
-4.08,3.34,-0.69,0.68,-1.47,0.46,0.68,0.72,0.72,-0.41,8
-4.21,3.29,-0.11,-1.25,-0.68,0.54,0.58,0.83,-0.04,-0.76,8
-4.34,3.51,-0.45,-1.05,-0.47,0.51,0.62,0.8,-0.4,-0.78,8
-4.38,3.72,-0.91,-0.97,-0.16,0.5,0.81,0.66,-0.61,-0.83,8
-4.42,3.77,-1.23,-0.85,0.04,0.54,0.89,0.53,-0.76,-0.79,8
-4.42,3.74,-1.31,-0.82,0.17,0.59,0.98,0.42,-0.83,-0.75,8
-4.4,3.6,-0.95,-0.93,0.04,0.41,1,0.47,-0.48,-0.62,8
-4.37,4.64,-0.79,-1.33,-0.2,0.6,0.19,1.13,-1.13,-0.28,8
-4.47,4.57,-1.07,-1.41,0.14,1.05,0.07,0.88,-1.36,-0.17,8
-4.5,4.5,-1.45,-1.13,0.44,0.99,0.14,0.6,-1.09,-0.07,8
-4.47,4.46,-1.89,-0.8,0.72,0.94,0.24,0.34,-1.04,-0.06,8
-4.47,4.35,-1.74,-0.89,0.45,0.88,0.37,0.58,-0.91,-0.09,8
-4.51,4.27,-1.48,-1.09,0.22,0.83,0.34,0.69,-0.6,-0.06,8
-3.82,3.43,0.22,-0.38,-1.73,0.43,-0.32,1.33,0.65,0.58,8
-3.84,3.34,0.29,-0.13,-1.68,0.2,-0.37,1.33,0.52,0.86,8
-3.89,3.09,0.44,0.14,-1.53,-0.05,-0.5,1.09,0.51,0.98,8
-3.99,3.05,0.3,0.21,-1.26,-0.21,-0.74,0.86,0.55,1.11,8
-3.99,3.34,0.17,0.09,-1.23,-0.22,-0.82,0.84,0.52,0.98,8
-3.96,4.13,-0.07,-0.19,-1.18,-0.11,-0.68,1.2,0.44,0.56,8
-4.05,3.9,-0.42,0.15,-1.27,0.2,0.32,0.53,0.58,-0.11,8
-4.03,4.07,-0.59,0.13,-1.45,0.62,0.2,0.71,0.48,-0.31,8
-4.05,4.04,-0.56,0.06,-1.68,1.02,0.05,1.02,-0.09,-0.28,8
-4.06,4.11,-0.55,0.03,-1.65,0.9,0.1,0.91,0.05,-0.32,8
-4.07,4.19,-0.56,0.05,-1.6,0.73,-0.06,0.98,0.25,-0.25,8
-4.07,4.21,-0.61,-0.06,-1.46,0.48,0.38,0.59,0.41,-0.26,8
-4.1,3.81,0.26,-0.1,-0.99,0.1,-0.35,2.04,0.02,-0.43,8
-4.09,3.71,0.32,-0.05,-0.93,0.02,-0.35,1.77,0.24,-0.3,8
-3.98,3.7,0.1,-0.33,-1.01,0.17,-0.11,1.67,0.26,-0.23,8
-3.88,3.82,-0.16,-0.67,-1.21,0.54,0.02,1.97,-0.03,-0.29,8
-3.98,3.66,0.17,-0.6,-1.41,0.57,0.01,1.94,0.09,-0.15,8
-4.12,3.18,0.53,-0.18,-1.31,0.13,-0.28,1.35,0.46,-0.01,8
-3.82,3.54,-2.07,0.25,-0.44,1.13,0.73,0.54,-0.01,-0.64,8
-3.91,3.7,-1.97,0.13,-0.21,0.93,0.81,0.5,-0.14,-0.52,8
-3.98,3.68,-1.24,-0.36,-0.22,0.59,0.76,0.6,0.07,-0.25,8
-4.05,3.75,-1.24,-0.3,-0.43,0.92,0.52,0.72,-0.21,-0.13,8
-4.05,3.75,-1.15,-0.21,-0.53,0.87,0.45,0.72,-0.13,0.14,8
-4.04,3.69,-1.01,-0.14,-0.54,0.59,0.54,0.47,0.19,0.17,8
-3.44,3.2,-0.7,-0.86,-0.54,1.5,0.92,0.47,-0.18,-0.92,8
-3.36,3.24,-0.65,-0.9,-0.66,1.43,0.9,0.4,-0.14,-0.73,8
-3.38,3.33,-0.8,-0.85,-0.68,1.2,0.84,0.24,-0.3,-0.62,8
-3.39,3.29,-0.75,-0.7,-0.9,0.89,0.88,0.46,-0.46,-0.64,8
-3.39,3.42,-0.72,-0.67,-0.87,0.79,0.96,0.56,-0.48,-0.72,8
-3.4,3.87,-1.03,-0.6,-0.57,0.78,1.21,0.23,-0.67,-0.56,8
-3.75,4.27,-1.85,-0.24,0.38,0.89,-0.05,-0.26,-0.77,-0.11,8
-3.8,4.31,-1.6,-0.48,0.04,0.9,0.13,-0.14,-0.65,-0.32,8
-3.85,4.27,-1.52,-0.47,-0.23,1.07,-0.02,0.01,-0.58,-0.51,8
-3.85,4.21,-1.56,-0.34,-0.31,1.13,-0.15,0.24,-0.92,-0.45,8
-3.84,4.25,-1.62,-0.22,-0.28,0.86,0.15,0.13,-0.92,-0.45,8
-3.79,4.29,-1.53,-0.13,-0.31,0.62,0.32,-0.05,-0.94,-0.3,8
-3.64,3.58,-1.03,-0.76,0.05,1.26,0.84,0.51,-0.26,-0.45,8
-3.63,3.59,-1.08,-0.71,0.06,1.05,0.88,0.63,-0.11,-0.44,8
-3.66,3.62,-1.05,-0.75,0.08,1.02,0.91,0.61,0.02,-0.45,8
-3.71,3.63,-0.89,-0.79,-0.09,1.22,0.81,0.56,0.06,-0.45,8
-3.74,3.63,-0.87,-0.79,-0.31,1.76,0.68,0.57,-0.52,-0.49,8
-3.75,3.61,-0.9,-0.75,-0.4,1.77,0.62,0.75,-0.84,-0.3,8
-3.86,2.12,-0.94,0.69,-0.68,1.68,-0.51,0.93,-0.17,-0.43,9
-3.78,1.97,-1.2,0.61,-0.65,1.5,-0.13,0.53,0.39,-0.58,9
-3.71,1.82,-1.17,0.65,-0.77,1.7,-0.35,0.92,0.16,-0.36,9
-3.62,1.58,-1.14,0.7,-0.74,1.63,-0.39,1.09,0.24,-0.39,9
-3.54,1.39,-1.22,0.7,-0.77,1.58,-0.38,1.16,0.18,-0.18,9
-3.55,1.26,-1.23,0.82,-0.7,1.73,-0.4,1.33,-0.28,0.01,9
-4.16,2.94,0.16,0.34,-0.97,0.64,0.09,0.24,0.57,0.82,9
-4.27,3.01,0.17,0.03,-0.83,0.53,0.1,0.33,0.34,0.7,9
-4.32,2.85,0.39,0.21,-1.1,0.43,0.12,0.27,0.13,0.65,9
-4.23,3.04,0.43,0.5,-1.37,0.55,0.13,0.23,0.13,0.49,9
-4.16,3.33,0.28,0.39,-1.29,0.69,0.48,0.12,0.29,0.15,9
-4.14,3.58,-0.41,-0.04,-0.69,1.03,0.49,0.16,0.31,0.03,9
-3.05,1.6,-0.69,1.54,-1.15,-0.04,0.3,0.73,0.6,0.46,9
-3.33,1.53,-0.55,2.02,-0.85,0.02,0.05,0.51,0.4,0.39,9
-3.48,1.7,-0.56,2.19,-1.04,0.34,0,0.59,0.45,0.01,9
-3.55,1.91,-0.51,1.96,-1.2,0.85,-0.16,0.84,0.63,-0.59,9
-3.55,1.93,-0.51,1.73,-1.11,1.01,0.02,0.82,0.73,-0.64,9
-3.43,1.72,-0.64,1.57,-1.04,1.2,-0.12,1.26,0.55,-0.51,9
-3.3,1.73,0.19,0.12,-1.25,0.8,-0.37,1.09,0.49,0.44,9
-3.2,1.37,0.39,0.42,-1.2,0.66,-0.43,0.99,0.58,0.87,9
-3.17,1.04,0.51,0.69,-1.19,0.67,-0.35,0.88,0.43,1.01,9
-3.16,1.02,0.46,0.62,-1.31,0.84,-0.12,0.91,0.33,0.88,9
-3.15,0.86,0.42,0.7,-1.38,0.89,0.02,0.89,0.22,0.83,9
-3.25,0.71,0.39,0.82,-1.35,1.07,0.2,0.86,-0.06,0.49,9
-4.08,2.66,-0.05,-0.32,0.23,0.86,0.34,0.44,-0.55,-0.93,9
-4.07,2.75,-0.23,-0.26,0.36,0.69,0.38,0.5,-0.72,-0.86,9
-4.07,2.57,-0.07,-0.15,0.13,0.55,0.45,0.58,-0.54,-0.9,9
-4.09,2.56,0.12,-0.15,0.12,0.47,0.37,0.5,-0.47,-0.89,9
-4.13,2.69,0.31,-0.13,0.12,0.39,0.2,0.31,-0.48,-0.91,9
-4.08,2.54,0.04,0.08,0.22,0.39,0.32,0.4,-0.66,-0.96,9
-3.74,2.7,-1.59,0.78,-0.3,1.38,0.18,1.46,-0.13,-1.3,9
-3.9,2.49,-0.95,0.7,-0.47,1.15,-0.11,1.6,0.15,-1.2,9
-3.78,2.19,-1.02,0.69,-0.46,1.19,-0.16,1.67,-0.02,-1.14,9
-3.78,2.06,-0.98,0.85,-0.37,0.96,-0.04,1.33,0.25,-1.09,9
-3.86,1.8,-0.72,1.13,-0.23,0.92,-0.22,1.26,0.19,-0.94,9
-3.85,1.43,-0.61,1.43,-0.07,1.13,-0.54,1.16,-0.12,-0.39,9
-3.98,2.29,-0.1,-0.71,0.3,0.32,0.86,1.4,-1.25,-0.3,9
-4.05,2.19,0.2,-0.75,0.22,0.39,0.63,1.48,-1.21,-0.27,9
-4.11,2.17,0.21,-0.81,0.33,0.63,0.4,1.1,-1.33,-0.04,9
-4.07,2.25,-0.28,-0.72,0.7,0.68,0.24,0.69,-1.45,0.19,9
-4.04,2.14,-0.36,-0.6,0.84,0.66,-0.01,0.51,-1.41,0.21,9
-4.2,2.2,-0.31,-0.39,0.97,0.7,-0.33,0.13,-0.9,0.15,9
-4.47,4.12,-0.42,-1.2,0.34,0.6,-0.11,0.31,-1.25,-0.01,9
-4.47,4.1,-0.81,-0.88,0.65,0.54,0.04,0.14,-1.56,-0.02,9
-4.48,4.06,-0.93,-0.68,0.6,0.45,0.22,0.1,-1.34,-0.19,9
-4.58,4.12,-0.75,-0.85,0.52,0.5,0.12,0.18,-1.26,-0.12,9
-4.66,4.24,-0.5,-1.02,0.3,0.46,-0.02,0.35,-1.36,0.06,9
-4.65,4.25,-0.82,-0.83,0.67,0.55,-0.3,0.09,-1.34,0.19,9
-3.84,1.25,0.83,0.98,-1.11,0.62,-0.75,0.08,0.31,1.13,9
-3.92,2.16,0.78,0.64,-1.02,0.6,-0.72,0.27,0.38,0.77,9
-3.82,1.83,1.09,1.02,-1.09,0.56,-0.34,0.3,0.13,1.01,9
-3.78,1.75,0.92,0.72,-1.16,0.77,-0.01,0.66,0.25,1.06,9
-3.81,1.91,0.53,0.48,-0.97,0.95,-0.28,0.72,0.48,0.83,9
-3.95,2.1,0.31,0.46,-0.77,1.04,-0.62,0.74,0.35,0.27,9
-4.1,2.84,-0.8,0.06,-0.73,1.3,-0.15,0.44,0.05,-0.61,9
-4.13,3.11,-1.14,0.18,-0.5,1.32,-0.4,0.68,-0.34,-0.69,9
-4.13,3.29,-1.42,0.36,-0.27,1.3,-0.45,0.62,-0.53,-0.71,9
-4.14,3.36,-1.46,0.46,-0.07,1.05,-0.15,0.17,-0.12,-0.86,9
-4.17,3.54,-1.43,0.42,0.27,0.92,-0.12,-0.27,-0.16,-0.71,9
-4.24,3.78,-1.59,0.81,0.29,0.81,-0.57,-0.25,-0.41,-0.56,9
-3.86,3.25,-1,0.49,-0.35,0.19,0.56,1.34,0.18,-0.32,9
-3.99,3.58,-1.1,0.37,-0.12,0.29,0.66,0.96,0.02,-0.48,9
-3.96,3.37,-1.24,0.15,0.03,0.66,0.56,0.84,-0.13,-0.32,9
-3.9,2.77,-0.82,-0.01,-0.13,0.17,0.31,1.2,0.25,-0.12,9
-4.08,2.32,-0.38,0.52,-0.02,-0.21,-0.17,1.05,0.39,0.17,9
-4.05,2.63,-0.6,0.82,-0.27,0.05,0.05,0.88,0.36,-0.2,9
-4.02,3.52,-1.06,-0.2,-0.55,1.35,0.35,0.82,-0.87,-0.43,9
-4.14,3.65,-0.75,-0.07,-0.79,1.13,0.5,0.79,-0.88,-0.35,9
-4.09,3.59,-0.85,-0.03,-0.54,0.96,0.67,0.65,-0.41,-0.48,9
-4.04,3.51,-0.96,0.04,-0.4,0.98,0.65,0.66,-0.22,-0.33,9
-4.14,3.45,-0.65,0.27,-0.6,0.79,0.56,0.52,-0.12,-0.33,9
-4.17,3.07,-0.78,0.52,-0.63,1.01,0.53,0.44,-0.1,-0.46,9
-3.96,4.14,-0.93,-0.09,-0.61,0.79,0.33,0.18,-0.49,-0.72,9
-3.91,3.67,-0.65,0.09,-0.37,0.2,0.42,0.34,-0.01,-0.25,9
-3.83,3.19,-0.39,0.06,-0.19,-0.03,0.5,0.27,0.33,0.1,9
-3.82,3.16,-0.3,-0.06,-0.35,0.19,0.59,0.21,0.53,-0.01,9
-3.97,3.24,-0.83,0.07,-0.62,0.98,0.53,0.5,-0.19,-0.91,9
-3.91,3.15,-1.26,0.3,-0.22,1.06,0.58,0.35,-0.52,-0.87,9
-4.04,2.06,-0.73,0.89,0.3,0.41,-0.38,-0.19,-0.61,0.41,9
-4.08,2.19,-0.49,0.7,0.25,0.42,-0.56,-0.12,-0.53,0.38,9
-4.05,2.34,-0.42,0.73,0.23,0.43,-0.49,-0.22,-0.62,0.34,9
-3.96,2.27,-0.53,0.98,0.33,0.51,-0.36,-0.43,-0.71,0.41,9
-3.86,2.13,-0.58,1,0.5,0.65,-0.28,-0.47,-0.98,0.61,9
-3.86,2.11,-0.65,0.99,0.72,0.64,-0.29,-0.52,-1.06,0.65,9
-3.98,2.98,0.31,-0.26,0.03,0.82,-0.32,0.49,-0.67,-0.66,9
-3.92,2.73,0.41,-0.16,-0.02,0.89,-0.19,0.55,-0.51,-0.62,9
-3.92,2.58,0.47,-0.06,-0.04,0.88,-0.13,0.61,-0.5,-0.54,9
-3.95,2.55,0.45,0,0.04,0.79,-0.1,0.68,-0.64,-0.55,9
-3.95,2.49,0.29,0.01,0.14,0.89,-0.09,0.61,-0.69,-0.62,9
-3.98,2.46,0.07,0.02,0.24,1.03,-0.19,0.52,-0.77,-0.5,9
-3.65,1.81,-1.38,1.58,0.07,1.58,-0.47,0.7,0.06,-0.84,10
-3.67,1.81,-1.41,1.62,0.04,1.57,-0.45,0.75,-0.07,-0.73,10
-3.74,1.83,-1.38,1.59,0.05,1.64,-0.52,0.71,-0.17,-0.52,10
-3.69,1.78,-1.59,1.6,0.12,1.42,-0.23,0.44,0.21,-0.71,10
-3.68,1.77,-1.73,1.61,0.1,1.39,-0.19,0.55,0.25,-0.92,10
-3.87,1.86,-1.65,1.61,0.04,1.53,-0.49,0.86,-0.11,-1,10
-4.52,2.23,-0.09,0.51,-0.53,1.25,0.2,0.24,0.16,0.77,10
-4.65,2.46,0.01,0.68,-0.8,1.43,0.13,0.04,0.38,0.28,10
-4.68,2.54,0.08,0.73,-0.93,1.49,0.05,0.08,0.25,0.28,10
-4.76,2.7,0.1,0.7,-0.79,1.11,0.21,-0.07,0.37,0.31,10
-4.88,3.06,0.06,0.43,-0.58,0.9,0.25,0.09,0.09,0.45,10
-4.94,3.33,0.02,0.08,-0.59,1.05,0.34,0.3,-0.45,0.37,10
-3.97,2.28,-0.62,0.95,-1.09,0.72,0.72,0.3,1.31,0.17,10
-4.17,2.23,-0.39,1.21,-1.01,0.57,0.54,0.22,1.21,0.04,10
-4.33,2.44,-0.22,1.37,-0.76,0.31,0.59,-0.02,1.1,0.19,10
-4.37,2.46,-0.17,1.5,-0.64,0.29,0.52,-0.11,1.13,0.33,10
-4.39,2.27,-0.16,1.54,-0.61,0.23,0.57,-0.12,1.07,0.4,10
-4.38,2.22,-0.27,1.32,-0.66,0.16,0.72,0.01,1.06,0.47,10
-3.6,0.74,-0.24,0.33,-0.56,1.28,-0.01,0.84,0.56,0.66,10
-3.77,0.9,-0.2,0.32,-0.47,1.31,-0.04,0.9,0.54,0.5,10
-4.07,1.05,-0.05,0.46,-0.36,1.33,-0.13,0.85,0.51,0.32,10
-4.32,1.15,0.09,0.59,-0.31,1.32,-0.26,0.76,0.49,0.13,10
-4.39,1.16,0.16,0.61,-0.41,1.35,-0.24,0.76,0.45,0.1,10
-4.52,1.43,0.16,0.58,-0.35,1.34,-0.26,0.81,0.43,-0.1,10
-4.16,2.81,0.56,0.6,0.58,0.48,-0.27,0.78,-1,-0.78,10
-4.19,2.64,0.5,0.55,0.74,0.4,-0.03,0.8,-0.87,-0.91,10
-4.31,2.32,0.58,0.28,0.7,0.53,-0.07,0.81,-0.92,-1.11,10
-4.44,2.61,0.6,0.19,0.64,0.68,-0.14,0.77,-0.83,-1.12,10
-4.5,3.02,0.61,0.12,0.67,0.71,-0.03,0.86,-0.7,-1.04,10
-4.54,3.05,1.03,-0.02,0.45,0.88,-0.09,0.89,-0.46,-1.1,10
-4.69,3.23,-1.15,0.7,0.45,0.3,0.45,0,-0.26,-1.4,10
-4.71,3.27,-1.12,0.7,0.44,0.18,0.55,0,-0.17,-1.48,10
-4.74,3.39,-0.89,0.57,0.24,0.18,0.36,0.04,0.2,-1.68,10
-4.79,3.63,-0.71,0.3,0.37,-0.12,0.4,-0.02,0.12,-1.32,10
-4.84,3.87,-0.68,0.18,0.35,-0.18,0.32,0.06,-0.02,-1.13,10
-4.89,3.97,-0.95,0.37,0.26,-0.12,0.43,-0.01,0.02,-1.52,10
-4.96,2.78,0.47,0.05,0.42,-0.33,0.33,0.47,-1.26,-0.22,10
-5.02,2.55,0.56,-0.14,0.53,-0.06,0.37,0.63,-1.41,-0.27,10
-5.07,2.12,0.83,-0.27,0.58,0.15,0.31,1,-1.41,-0.31,10
-5.08,2.24,0.97,-0.37,0.5,0.23,0.14,0.85,-1.32,-0.3,10
-5.16,2.49,1.06,-0.34,0.35,0.18,-0.05,0.82,-1.31,-0.25,10
-5.21,2.54,0.82,-0.33,0.45,0.23,0.13,0.89,-1.39,-0.3,10
-4.9,4.49,-0.56,-0.54,-0.16,-0.3,0.84,-0.16,-0.91,0.36,10
-4.95,4.64,-0.44,-0.95,-0.12,-0.25,0.59,0.27,-0.78,0.27,10
-5.01,4.98,-0.87,-1.22,0.17,-0.02,0.54,0.15,-0.84,0.71,10
-5.05,4.85,-0.68,-0.88,-0.09,0.01,0.25,-0.08,-0.18,0.13,10
-5.04,5.07,-1.72,-0.26,0.28,0.18,0,-0.61,-0.18,0.42,10
-5.03,4.99,-1.63,-0.29,0.4,0.18,-0.21,-0.51,-0.28,0.3,10
-4.98,1.54,0.96,1.25,-0.64,0.59,-0.48,-0.31,-0.25,1.18,10
-4.85,1.12,0.93,1.62,-0.59,0.59,-0.45,-0.37,-0.45,1.29,10
-4.81,1.04,0.89,1.66,-0.53,0.75,-0.51,-0.45,-0.41,1.21,10
-4.72,0.83,0.85,1.98,-0.55,0.69,-0.43,-0.42,-0.64,1.25,10
-4.68,0.77,0.89,2.3,-0.56,0.4,-0.4,-0.29,-0.84,1.17,10
-4.76,0.97,0.96,2.29,-0.53,0.45,-0.41,-0.36,-0.86,1.09,10
-4.69,3.15,-0.14,0.59,-0.73,1.06,-0.1,-0.02,0.64,-0.19,10
-4.72,3.28,-0.2,0.65,-0.88,1.41,-0.66,0.58,0.24,-0.31,10
-4.75,3.42,-0.19,0.66,-0.98,1.44,-0.65,0.55,0.12,-0.33,10
-4.78,3.33,-0.07,0.66,-0.91,1.01,-0.03,-0.1,0.48,-0.2,10
-4.83,3.39,-0.1,0.6,-0.72,0.74,0.09,-0.21,0.52,-0.07,10
-4.88,3.63,-0.28,0.5,-0.67,0.79,-0.01,-0.14,0.53,-0.18,10
-4.61,2.96,-0.86,1.16,-0.61,0.47,0.16,0.71,0.37,-0.92,10
-4.6,3.04,-0.96,0.83,-0.3,0.32,0.42,0.57,0.39,-0.62,10
-4.62,3.03,-0.91,0.6,-0.34,0.64,0.29,0.53,0.48,-0.56,10
-4.72,3.06,-0.68,0.53,-0.48,0.73,0.17,0.49,0.64,-0.47,10
-4.81,3.23,-0.5,0.6,-0.53,0.75,0.09,0.45,0.76,-0.42,10
-4.89,3.37,-0.46,0.54,-0.33,0.5,0.27,0.47,0.74,-0.14,10
-4.02,0.94,-0.62,1.46,0.02,1.9,-0.07,0.46,-0.54,-0.21,10
-4.03,0.98,-0.65,1.48,-0.05,2.11,-0.15,0.47,-0.65,-0.19,10
-4.14,1.13,-0.6,1.55,-0.02,2.04,-0.18,0.26,-0.55,-0.36,10
-4.32,1.34,-0.55,1.68,0.03,1.92,-0.23,0.16,-0.47,-0.44,10
-4.46,1.51,-0.51,1.76,0.06,1.86,-0.33,0.19,-0.52,-0.42,10
-4.49,1.54,-0.5,1.72,0.04,1.89,-0.37,0.36,-0.58,-0.29,10
-4.47,3.19,-0.16,0.12,-0.33,0.41,-0.2,0.92,-0.72,-0.93,10
-4.39,3.06,0.08,-0.02,-0.44,0.57,-0.29,0.94,-0.58,-1.01,10
-4.28,2.83,0.3,0.09,-0.54,0.5,-0.32,1,-0.34,-1.11,10
-4.3,2.78,0.24,0.18,-0.44,0.26,-0.31,1.18,-0.23,-1.12,10
-4.51,3.08,0.07,0.05,-0.48,0.34,-0.26,1.3,-0.52,-1.06,10
-4.57,3.34,-0.01,-0.09,-0.55,0.48,-0.17,1.19,-0.57,-1.03,10
-4.08,2.24,-0.28,1.88,0.72,-0.29,-0.54,-0.54,-0.66,0.24,10
-4.05,2.38,-0.3,2,0.83,-0.18,-0.77,-0.41,-0.79,0.16,10
-4,2.28,-0.37,2.11,1.01,-0.03,-0.83,-0.39,-0.9,0.1,10
-3.99,2.19,-0.43,2.16,1.11,0.02,-0.85,-0.47,-0.86,0.04,10
-4.06,2.36,-0.31,1.9,1.1,0.05,-0.87,-0.52,-0.98,-0.07,10
-4.12,2.54,-0.2,1.62,1.11,-0.06,-0.73,-0.54,-0.91,-0.1,10
-4.01,2.14,-0.18,1.04,0.69,0.71,-0.88,-0.2,-1.07,-0.55,10
-4.05,2.22,-0.08,0.93,0.69,0.73,-0.93,-0.14,-1.09,-0.58,10
-4.09,2.5,-0.15,1.02,0.68,0.54,-1.02,-0.13,-1.14,-0.42,10
-4.15,2.74,-0.12,0.91,0.67,0.48,-1.18,-0.24,-0.89,-0.37,10
-4.21,2.81,0.02,0.8,0.51,0.5,-1.22,-0.24,-0.8,-0.39,10
-4.26,2.93,0.07,0.79,0.32,0.52,-1.28,-0.14,-0.86,-0.39,10
-3.03,1.74,-1.14,0.74,-0.83,1.39,-0.58,0.68,-0.02,-0.82,11
-2.95,1.65,-1.17,0.79,-0.91,1.3,-0.56,0.9,-0.07,-0.84,11
-2.86,1.63,-1.14,0.77,-0.95,1.39,-0.61,0.96,-0.2,-0.73,11
-2.69,1.65,-1.26,0.67,-0.96,1.45,-0.59,1.01,-0.3,-0.54,11
-2.6,1.56,-1.25,0.66,-1.1,1.29,-0.55,1.01,-0.15,-0.55,11
-2.67,1.52,-1.2,0.74,-1.07,1.24,-0.57,0.97,-0.13,-0.71,11
-3.09,1.39,0.05,-0.22,-0.33,0.91,0.05,-0.08,0.1,-0.13,11
-3.03,1.19,0.31,-0.12,-0.59,0.97,0.35,-0.14,-0.22,0.08,11
-2.92,1.52,0,-0.35,-0.46,1.18,0.38,-0.18,-0.35,-0.03,11
-2.95,1.72,-0.31,-0.24,-0.45,1.36,0.01,-0.1,0.02,-0.56,11
-3.08,1.63,-0.12,-0.15,-0.48,1.18,-0.09,-0.07,0.09,-0.56,11
-3.06,1.68,-0.35,-0.26,0.04,0.69,-0.17,0.23,0.2,-0.59,11
-2.98,1.8,-0.87,1.43,-0.93,1.32,-0.21,1.29,-0.14,-0.5,11
-2.87,1.39,-0.82,1.6,-0.88,1.14,-0.43,1.16,0.17,-0.46,11
-2.7,1.29,-0.91,1.57,-0.84,1.04,-0.4,0.95,0.35,-0.7,11
-2.56,1.36,-0.94,1.33,-1.05,1.21,-0.32,1.06,0.35,-0.77,11
-2.53,1.49,-0.94,1.21,-1.15,1.32,-0.27,1.15,0.23,-0.77,11
-2.52,1.52,-0.96,1.3,-1.1,1.15,-0.27,1.25,0.09,-0.68,11
-2.44,0.79,0.08,0.24,-0.69,0.6,-0.35,0.7,0.41,0.1,11
-2.43,0.87,0.13,0.22,-0.81,0.67,-0.23,0.71,0.41,0.14,11
-2.48,0.81,0.19,0.28,-0.92,0.73,-0.11,0.61,0.37,0.18,11
-2.61,0.84,0.2,0.31,-0.85,0.78,-0.14,0.61,0.34,0.11,11
-2.7,0.92,0.27,0.31,-0.76,0.82,-0.11,0.67,0.26,0.06,11
-2.8,1.02,0.25,0.33,-0.65,0.85,-0.09,0.68,0.26,-0.03,11
-2.91,0.92,-0.14,-0.38,0.12,0.29,0.42,0.76,-0.9,-0.19,11
-2.92,0.92,-0.23,-0.31,0.08,0.27,0.4,0.69,-1.01,-0.16,11
-3.02,1.03,-0.24,-0.29,0.09,0.24,0.37,0.56,-1.03,-0.15,11
-2.98,1.03,-0.22,-0.1,0.08,0.05,0.48,0.52,-1.11,-0.13,11
-2.85,1.01,-0.22,-0.08,0.09,0.08,0.44,0.51,-1.18,-0.02,11
-2.71,0.97,-0.02,0.05,0.1,-0.15,0.38,0.48,-1.05,-0.26,11
-3.01,1.63,-0.83,0.98,-0.3,0.93,0.17,0.84,-0.24,-1.14,11
-3,1.52,-0.87,1.02,-0.4,0.86,0.17,0.94,-0.22,-1.01,11
-3.05,1.46,-0.82,0.94,-0.44,0.85,0.09,0.87,-0.18,-0.95,11
-3.01,1.41,-0.88,0.95,-0.5,0.72,0.21,0.75,-0.04,-1.05,11
-2.97,1.3,-0.85,0.98,-0.51,0.59,0.25,0.73,0.07,-1.11,11
-2.98,1.29,-0.84,0.96,-0.49,0.57,0.27,0.69,0.08,-1.1,11
-2.53,1.29,-0.14,-0.17,-0.08,0.26,-0.05,0.68,-1.4,-0.07,11
-2.67,1.63,-0.38,-0.11,0,0.23,0.03,0.48,-1.56,0.22,11
-2.81,1.95,-0.66,0.11,-0.01,0.11,0.19,0.1,-1.54,0.59,11
-2.93,2.01,-0.7,0.21,-0.09,0.15,0.14,-0.03,-1.44,0.62,11
-2.91,1.99,-0.9,0.21,0.01,0.35,-0.03,-0.15,-1.26,0.49,11
-2.75,1.78,-0.72,0.06,-0.01,0.4,0.12,0.05,-1.44,0.28,11
-4.13,2.3,-0.17,-0.27,0.1,0.32,-0.47,-0.25,-0.42,0.86,11
-4.17,2.3,-0.3,-0.13,0.12,0.32,-0.39,-0.33,-0.48,0.99,11
-4.15,2.07,-0.61,0.11,0.41,0.35,-0.28,-0.38,-0.51,0.74,11
-4.12,1.86,-0.74,0.13,0.66,0.33,-0.25,-0.12,-0.53,0.46,11
-4.17,1.8,-0.62,0.03,0.71,0.36,-0.34,-0.05,-0.34,0.22,11
-4.26,1.83,-0.48,-0.19,0.73,0.35,-0.48,0.05,-0.11,0.32,11
-2.9,0.68,-0.15,0.22,-0.69,1.12,-0.26,0.92,0.76,0.33,11
-2.98,0.52,-0.1,0.36,-0.66,1.12,-0.31,0.86,0.64,0.34,11
-2.97,0.46,-0.2,0.32,-0.63,0.94,-0.33,0.78,0.55,0.44,11
-3.11,0.93,-0.39,0.25,-0.46,0.82,-0.23,0.82,0.39,0.3,11
-3.38,1.78,-0.82,0.38,-0.02,0.85,0.12,0.77,0.22,-0.34,11
-3.37,1.95,-0.9,0.26,0.28,0.84,0.29,0.68,0.43,-0.46,11
-3.73,1.87,-0.8,0.56,-0.43,0.79,0.2,0.65,-0.74,-0.37,11
-3.7,1.84,-0.68,0.44,-0.38,0.89,0.18,0.59,-0.68,-0.41,11
-3.73,1.9,-0.74,0.43,-0.37,1.05,0.12,0.43,-0.68,-0.39,11
-3.73,1.93,-0.71,0.45,-0.37,1.15,0.05,0.32,-0.63,-0.33,11
-3.74,2.1,-0.82,0.46,-0.22,1.14,0.02,0.22,-0.75,-0.33,11
-3.76,2.2,-0.72,0.53,-0.28,1.12,0.02,0.13,-0.78,-0.39,11
-3.55,1.61,-0.85,0.37,0.17,0.32,0.46,0.86,-1.13,-0.33,11
-3.71,1.49,-0.49,0.4,0.18,0.19,0.23,1.03,-0.86,-0.41,11
-3.79,1.42,-0.37,0.57,0.12,0.19,0.08,1.01,-0.72,-0.39,11
-3.69,1.37,-0.39,0.38,0.14,0.34,0.16,1.01,-0.61,-0.55,11
-3.66,1.29,-0.43,0.34,0.1,0.36,0.25,0.91,-0.42,-0.51,11
-3.66,1.12,-0.46,0.48,0.08,0.22,0.19,0.86,-0.24,-0.41,11
-3.21,1.85,-0.39,0.56,0.43,0.31,0.07,0.08,-0.16,-0.94,11
-3.27,1.93,-0.32,0.6,0.44,0.34,0.05,0.13,-0.16,-0.99,11
-3.24,1.8,-0.48,0.7,0.42,0.34,0.12,0.27,-0.21,-1.07,11
-3.33,1.79,-0.52,0.6,0.5,0.28,0.12,0.18,-0.16,-0.98,11
-3.41,1.82,-0.68,0.77,0.26,0.47,-0.09,0.32,-0.39,-0.97,11
-3.29,1.55,-0.9,0.92,0.13,0.4,-0.01,0.5,-0.56,-0.72,11
-3.01,2.25,-0.81,0.39,-0.11,0.65,-0.33,0.32,-0.56,0.23,11
-3.07,2.55,-0.85,0.51,0.04,0.57,-0.38,0.15,-0.61,0.19,11
-3.19,2.62,-0.83,0.45,0.01,0.44,-0.35,0.13,-0.61,0.08,11
-3.27,2.49,-0.76,0.35,-0.09,0.43,-0.27,0.24,-0.52,0.01,11
-3.29,2.6,-0.58,0.42,-0.23,0.39,-0.24,0.44,-0.54,-0.02,11
-3.35,2.71,-0.47,0.4,-0.2,0.25,-0.22,0.53,-0.36,-0.09,11
-3.48,2.63,-0.38,0.84,0.2,0.1,-0.16,-0.55,-0.79,1.02,11
-3.46,2.56,-0.42,0.85,0.33,0.06,-0.18,-0.49,-0.79,0.95,11
-3.45,2.44,-0.37,0.93,0.19,0.14,-0.1,-0.56,-0.89,0.99,11
-3.51,2.54,-0.26,0.95,-0.07,0.16,-0.11,-0.66,-0.79,0.91,11
-3.59,2.78,-0.3,0.81,-0.01,-0.02,-0.27,-0.56,-0.79,0.95,11
-3.64,2.72,-0.18,0.67,0.1,-0.08,-0.33,-0.36,-1.05,0.98,11
-3.45,2.26,-0.85,0.43,0.49,0.27,-0.22,0.01,-1.08,0.76,11
-3.43,2.24,-0.75,0.36,0.44,0.43,-0.19,0.01,-1.17,0.79,11
-3.4,2.26,-0.6,0.41,0.2,0.37,0.07,0.04,-1.35,0.87,11
-3.33,2.14,-0.53,0.44,0.1,0.32,0.22,0.14,-1.39,0.75,11
-3.31,2.26,-0.62,0.37,0.25,0.44,0.01,0.12,-1.22,0.7,11
-3.29,2.32,-0.68,0.29,0.44,0.56,-0.23,0.12,-1.05,0.7,11
